country,1960,1961,1962,1963,1964,1965,1966,1967,1968,1969,1970,1971,1972,1973,1974,1975,1976,1977,1978,1979,1980,1981,1982,1983,1984,1985,1986,1987,1988,1989,1990,1991,1992,1993,1994,1995,1996,1997,1998,1999,2000,2001,2002,2003,2004,2005,2006,2007,2008,2009,2010,2011,2012,2013,2014,2015,2016,2017
Afghanistan,5.14,5.19,5.24,5.28,5.34,5.37,5.4,5.39,5.45,5.55,5.68,5.78,5.81,5.74,5.56,5.3,5.09,4.85,4.39,3.6,3.08,2.01,1.11,0.572,0.622,1.17,1.81,2.49,3.64,2.46,4.35,6.32,7.74,8.08,7.31,5.99,4.56,3.5,3,3.24,3.91,4.66,5.13,5.23,5.12,4.77,4.12,3.65,3.4,3.46,3.7,3.98,4.15,4.19,4.06,3.82,3.56,3.41
Albania,5.39,3.89,3.29,3.18,3.11,2.98,2.86,2.86,3.07,3.22,3.16,3.03,3.1,2.96,2.9,2.9,2.81,2.81,2.67,2.58,2.83,2.78,2.88,2.89,2.87,2.82,2.69,2.76,2.64,3.44,2.54,0.141,0.878,0.856,0.844,0.824,0.812,0.788,0.775,0.756,0.742,0.71,2.18,2.06,1.97,1.83,1.66,1.49,1.44,1.47,1.61,1.79,1.85,1.74,1.65,1.48,1.54,1.54
Algeria,5.52,6.62,6.83,6.76,6.74,6.73,5.89,3.26,3.3,3.29,3.25,3.2,3.17,3.16,3.18,3.22,3.25,3.93,5,5.03,5.06,5.08,5.09,5.06,5,4.89,4.79,4.62,4.35,4.22,4.08,3.95,3.81,3.65,3.47,3.29,3.12,2.95,2.82,2.78,2.7,2.62,2.56,2.53,2.55,2.6,2.65,2.7,2.76,2.82,2.88,2.95,3,2.99,2.92,2.81,2.68,2.56
Andorra,10.5,11.2,10.7,10.3,9.72,9.23,8.75,8.29,7.88,7.57,7.33,7.16,6.93,6.55,6,5.34,4.72,4.25,3.97,4.12,4.41,4.69,4.94,5.04,5,4.88,4.38,3.93,3.85,3.75,3.69,3.7,3.62,3.25,2.52,1.61,0.542,-0.313,-0.56,0.0738,1.28,2.57,3.49,3.9,3.6,2.87,2.13,1.51,1.07,0.61,-0.12,-0.935,-1.7,-2.12,-2.06,-1.65,-1.05,-0.52
Angola,5.07,5.35,5.64,5.61,5.54,5.42,5.32,5.26,5.27,5.36,5.54,6.62,7.52,7.61,7.69,7.71,7.72,7.71,7.76,7.84,7.94,8.04,8.1,8.02,7.8,7.46,7.11,6.82,6.66,6.65,6.75,6.88,6.96,6.91,6.74,5.73,5.49,5.3,5.23,5.29,5.44,5.59,5.7,5.76,5.75,5.69,4.92,4.89,4.87,4.85,4.83,4.81,4.77,4.72,4.65,4.56,4.47,4.38
Antigua and Barbuda,2.81,-0.119,0.182,0.391,0.471,0.464,0.435,0.411,0.347,0.231,0.535,1.84,1.68,1.51,1.39,1.26,1.18,1.04,0.847,0.513,0.114,-0.284,-0.613,-0.893,-1.05,-1.11,-1.17,-1.18,-0.939,-0.415,0.335,1.02,0.576,1.11,1.43,1.52,1.59,1.65,1.57,1.33,0.996,0.535,-0.632,-0.876,-0.983,-0.973,-0.948,-0.945,-0.962,-0.979,-1.04,-0.947,0.406,0.384,0.378,0.357,0.415,0.497
Argentina,2.68,2.43,2.32,2.28,2.23,2.18,2.13,2.08,2.07,2.1,2.16,2.19,2.23,2.24,2.2,2.13,2.05,1.98,1.94,1.94,1.96,2.06,2.1,2.09,2.08,2.04,2.01,1.97,1.94,1.9,1.86,1.8,1.62,1.58,1.54,1.49,1.44,1.39,1.35,1.33,1.32,1.32,1.31,1.3,1.28,1.26,1.24,1.22,1.21,1.21,1.21,1.2,1.19,1.19,1.17,1.15,1.12,1.09
Armenia,5.32,5.22,5.1,4.96,4.79,4.61,4.42,4.24,4.1,3.99,3.87,3.77,3.69,3.58,3.46,3.07,2.94,2.81,2.7,2.35,1.97,1.86,1.75,1.71,1.75,1.83,1.98,2.05,1.82,0.88,-0.35,-1.34,-2.2,-2.75,-2.8,-2.46,-1.96,-1.54,-1.21,-1.06,-1.06,-1.05,-0.783,-0.686,-0.726,-0.803,-0.921,-1.02,-1.01,-0.835,-0.549,-0.218,0.0622,0.281,0.356,0.326,0.265,0.226
Australia,2.78,2.49,2.79,2.26,2.3,2.29,2.61,1.46,1.96,2.29,2.16,3.57,2.03,1.72,2.72,1.42,1.19,1.31,1.34,1.26,1.39,1.76,1.63,1.22,1.1,1.33,1.6,1.49,1.6,1.66,1.44,1.24,1.08,0.828,0.907,1.06,1.16,0.964,0.885,0.985,1.03,1.19,1.37,1.38,1.3,1.46,1.61,0.769,2.15,2.2,1.7,1.53,1.9,1.88,1.65,1.58,1.61,1.71
Austria,0.684,0.694,0.688,0.719,0.742,0.725,0.778,0.823,0.594,0.421,0.426,0.512,0.597,0.569,0.186,-0.25,-0.161,0.0537,-0.0657,-0.155,0.0154,0.214,-0.333,-0.568,-0.417,-0.364,-0.354,-0.356,-0.281,0.026,0.332,0.567,0.666,0.386,-0.057,-0.291,-0.314,-0.336,-0.345,-0.262,-0.22,-0.0816,0.0254,0.0167,0.146,0.205,0.0159,-0.161,-0.174,-0.227,-0.253,-0.159,0.512,0.92,1.11,1.45,1.41,1.15
Azerbaijan,2.75,2.84,2.87,2.81,2.65,2.42,2.18,1.97,1.78,1.63,2.2,2.9,2.79,2.69,2.37,2.07,2.04,2,1.98,1.9,1.82,1.82,1.82,1.83,1.92,2.02,2.04,2.05,2.04,1.58,-0.122,0.978,0.935,0.938,0.765,0.562,0.414,0.369,0.346,0.696,1.21,1.17,1.13,1.15,1.26,1.4,1.48,1.52,2.48,2.45,1.6,1.73,1.79,1.78,1.76,1.73,1.68,1.65
Bahamas,6.05,6.2,6.28,6.22,6.03,5.76,5.5,5.25,4.92,4.51,4.07,3.62,3.23,2.98,2.9,2.94,3,3.03,3.07,3.06,3.07,3.23,3.22,3.16,3.05,2.91,2.75,2.62,2.53,2.51,2.46,2.13,2.19,2.15,2,1.8,1.56,1.38,1.33,1.46,1.68,1.8,2.02,2.16,2.18,2.11,2.03,1.97,1.89,1.81,1.72,1.64,1.55,1.47,1.39,1.31,1.23,1.16
Bahrain,3.56,3.33,3.1,2.86,2.65,2.59,2.61,2.52,2.62,2.95,3.43,3.85,4.23,4.71,5.32,5.92,6.53,6.89,6.74,6.06,5.12,4.13,3.36,2.93,2.92,3.19,3.53,3.74,3.78,3.58,3.26,2.97,2.66,2.47,2.46,2.53,2.62,2.77,3.1,3.65,4.31,4.83,5.25,5.77,6.38,6.93,7.53,7.81,7.37,6.18,4.67,3.04,1.78,1.24,1.67,2.71,3.92,4.73
Bangladesh,4.67,5.6,6.94,6.98,7.05,7.16,7.28,7.35,7.25,6.95,6.53,6.07,5.72,5.56,7.19,10.5,10.8,10.9,11,11,10.8,8.93,5.26,5.23,5.22,5.21,5.2,5.18,5.13,5.03,4.93,4.59,4,3.91,3.88,3.85,3.83,3.79,3.75,3.69,3.62,4.02,4.54,4.44,4.29,4.12,3.95,3.79,3.68,3.63,3.62,3.63,3.6,3.55,3.49,3.4,3.31,3.23
Barbados,0.454,0.516,0.589,0.628,0.607,0.548,0.48,0.441,0.44,0.495,0.704,1.18,1.27,1.32,1.32,1.29,1.25,1.21,1.17,1.12,0.884,-0.335,-0.391,-0.428,-0.433,-0.411,-0.388,-0.364,-0.357,-0.353,-0.404,-0.634,-0.638,-0.642,-0.643,-0.645,-0.636,-0.634,-0.642,-0.661,-0.613,-0.276,-0.298,-0.305,-0.289,-0.26,-0.22,-0.196,-0.18,-0.186,-0.21,-0.166,-0.115,-0.0664,-0.0124,0.0405,0.0945,0.144
Belarus,4.44,4.29,4.32,4.31,4.26,4,3.95,3.91,3.85,3.74,3.77,3.83,3.73,3.59,3.43,2.96,2.84,2.86,2.91,2.72,2.57,2.6,2.54,2.49,2.44,2.34,2.32,2.27,1.84,1.39,0.789,0.643,0.804,0.806,0.456,0.245,0.227,0.129,0.0718,0.183,0.233,0.178,0.0438,-0.0311,-0.0234,-0.0355,0.0242,0.167,0.271,0.38,0.501,0.505,0.583,0.677,0.736,0.794,0.745,0.674
Belgium,0.759,0.434,0.533,0.916,1.11,1.07,0.833,0.711,0.544,0.431,0.244,0.324,0.53,0.45,0.447,0.418,0.306,0.341,0.303,0.291,0.304,0.159,0.0795,0.0966,0.101,0.129,0.133,0.181,0.41,0.455,0.386,0.459,0.49,0.473,0.389,0.289,0.272,0.317,0.288,0.3,0.308,0.403,0.505,0.475,0.488,0.604,0.712,0.787,0.841,0.854,0.963,1.43,0.773,0.535,0.279,0.623,0.55,0.401
Belize,2.53,2.25,2.21,2.23,2.27,2.33,2.4,2.42,2.34,2.12,1.88,1.8,1.56,1.36,1.23,1.16,1.09,1.04,1.11,1.35,1.67,1.95,2.24,2.42,2.47,2.42,2.38,2.37,2.27,2.05,1.8,1.48,1.21,1.23,1.58,2.13,2.74,3.19,3.38,3.26,3,3.02,2.76,2.57,2.52,2.53,2.57,2.56,2.53,2.47,2.38,2.33,2.3,2.28,2.28,2.29,2.31,2.32
Benin,7.44,7.47,7.53,7.59,7.64,7.68,7.74,7.77,7.8,7.79,7.78,7.75,7.74,7.71,7.71,7.7,7.71,7.67,7.65,6.95,5.14,5.16,5.18,5.2,5.21,5.22,5.22,5.21,5.25,5.33,5.45,5.56,5.11,4.36,4.28,4.14,3.99,3.87,3.79,3.79,3.82,3.85,4.04,4.31,4.27,4.2,4.14,4.09,4.05,4.02,4,3.99,3.98,3.96,3.95,3.94,3.93,3.91
Bhutan,7.83,7.81,7.81,7.86,7.97,8.13,8.27,8.41,8.47,8.48,8.44,8.4,8.38,8.31,8.31,8.31,8.32,8.28,8.22,8.08,7.91,7.65,7.44,7.37,7.53,7.74,8.12,8.32,8.03,7.16,5.95,4.61,3.49,2.92,3.19,4.1,5.23,6.12,6.77,7.01,6.96,6.88,6.84,6.75,6.59,6.24,4.73,4.53,4.35,4.21,4.1,4,3.85,3.7,3.54,3.38,3.23,3.08
Bolivia,2.71,2.72,2.73,2.74,2.76,2.77,2.78,2.8,2.81,2.82,2.84,2.85,2.86,2.87,2.89,2.91,2.93,4.15,4.52,4.47,4.42,4.35,4.3,4.23,4.16,4.08,4,3.93,3.87,3.82,3.79,3.75,3.66,2.9,2.89,2.88,2.87,2.85,2.83,2.79,2.75,2.7,2.59,2.54,2.5,2.46,2.43,2.39,2.36,2.32,2.29,2.27,2.24,2.13,2.06,2.03,2.01,1.99
Bosnia and Herzegovina,5.12,5.27,5.69,5.61,5.46,5.24,5.03,4.83,4.69,4.61,4.58,4.41,3.94,3.89,3.82,3.73,3.62,3.52,3.46,3.45,3.47,3.07,1.9,1.88,1.87,1.82,1.86,1.83,1.52,0.826,-0.109,-1.24,-2.3,-2.86,-2.7,-1.93,-0.898,0.0137,0.701,0.979,0.948,0.86,0.857,0.823,0.785,0.73,0.664,0.573,0.437,0.254,0.0472,-0.197,-0.411,-0.501,-0.4,-0.138,0.186,0.471
Botswana,3.48,3.6,3.68,3.77,7.23,17.4,17.4,17.4,17.4,17.3,17.2,17.1,10.8,10.2,10.3,10.4,10.5,10.5,10.5,10.3,10.2,9.96,14,14.3,13.9,13.4,12.9,12.4,12,11.5,11,10.5,5.23,4.43,4.28,4.1,3.92,3.76,3.59,3.43,3.27,3.1,2.35,2.2,2.21,2.26,2.33,4.26,4.24,4.19,4.14,4.1,3.24,3.09,3.07,3.03,2.99,2.95
Brazil,5.15,5.03,5,4.95,4.87,4.76,4.66,4.57,4.47,4.37,4.29,4.24,4.16,4.08,4.03,3.99,3.95,3.9,3.85,3.81,3.76,3.71,3.66,3.59,3.49,3.37,3.26,3.14,3.04,2.95,2.86,2.78,2.69,2.62,2.57,2.52,2.49,2.53,2.48,2.4,2.31,1.84,1.74,1.68,1.61,1.55,1.49,1.43,1.38,1.34,1.32,1.31,1.28,1.25,1.22,1.18,1.13,1.09
Brunei,9.06,8.73,8.47,8.29,8.19,8.15,8.11,8.02,7.91,7.76,7.59,7.41,5.08,4.7,4.55,4.38,4.21,4.05,3.88,3.7,3.53,3.35,3.21,3.1,3.06,3.07,3.06,3.06,3.06,3.07,3.07,3.07,3.58,3.58,3.49,3.37,3.24,3.11,3,2.9,2.81,2.73,2.51,2.38,2.23,2.06,1.88,1.73,1.65,1.66,1.74,1.83,1.9,1.93,1.9,1.84,1.77,1.71
Bulgaria,3.67,5.39,5.2,5.01,4.89,4.67,3.83,3.27,3.29,3.28,3.11,2.56,2.43,2.44,2.54,2.31,2.09,2.05,1.61,1.6,1.84,1.14,1.09,1.04,1.01,0.762,0.605,0.68,0.64,-0.649,-1.29,-0.48,-0.567,-0.39,-0.003,-0.113,-0.184,-0.28,-0.341,-0.235,-0.171,-1.6,-1.65,-0.283,-0.249,-0.254,-0.268,-0.249,-0.22,-0.169,-0.188,-0.178,-0.116,-0.0975,-0.108,-0.179,-0.244,-0.273
Burkina Faso,3.38,3.36,3.34,3.37,3.43,3.48,3.56,3.65,3.68,3.73,3.73,3.72,3.77,3.78,3.81,3.87,6.86,8.96,9.02,9.06,9.14,9.19,9.24,9.27,9.26,9.2,6.55,4.46,4.47,4.48,4.5,4.51,4.52,4.53,4.54,4.55,4.57,5.78,6.73,6.72,6.72,6.69,6.68,6.66,6.66,6.65,6.65,5.91,5.34,5.32,5.29,5.27,5.24,5.2,5.17,5.13,5.09,5.03
Burundi,3.79,3.72,3.71,3.72,3.85,4.9,6.71,6.88,6.81,6.56,6.14,5.73,5.41,5.23,5.38,5.74,6.09,6.41,6.65,6.74,6.33,6.26,6.3,6.32,6.42,6.49,6.61,6.65,6.6,6.42,6.17,5.2,4.91,4.69,4.48,4.3,4.07,3.91,3.95,4.08,4.5,4.97,5.37,5.66,5.81,5.85,5.89,5.92,5.92,5.83,5.75,5.64,5.53,5.51,5.52,5.59,5.67,5.72
Cambodia,2.63,2.68,3,4.12,3.92,3.68,3.36,11,10.8,10.7,10.8,17.9,17.6,16.7,15.1,-187,5.78,4.46,3.91,4.55,48.9,26.1,4.73,5.78,6.04,5.74,5.35,5.14,5.06,5.16,5.4,5.61,5.7,5.69,5.56,5.36,5.15,4.94,4.26,3.06,2.86,2.66,2.48,2.33,2.24,2.19,2.15,2.11,2.29,3.32,3.35,3.39,3.42,3.43,3.42,3.37,3.32,3.28
Cameroon,5.94,5.96,6.01,6.04,6.07,6.08,6.1,6.12,6.14,6.14,6.16,8.71,8.65,8.58,8.52,8.46,7.76,5.57,5.59,5.6,5.62,5.62,5.62,5.61,5.6,5.57,5.55,5.29,4.58,4.51,4.43,4.35,4.28,4.2,4.12,4.04,3.96,3.88,3.84,3.84,3.86,3.87,3.89,3.91,3.92,3.93,3.94,3.95,3.95,3.93,3.91,3.88,3.85,3.82,3.79,3.75,3.71,3.67
Canada,3.16,2.88,3.04,3.01,3,2.89,2.89,2.49,2.29,2.03,2.05,2.07,1.44,1.54,1.63,1.73,1.18,1.23,1.06,1.05,1.35,1.31,1.42,1.21,1.17,1.14,1.2,1.34,1.32,1.81,1.52,1.41,1.58,1.44,1.3,1.16,1.43,1.55,1.35,1.31,1.36,1.43,0.995,1.1,1.1,1.08,0.91,1.2,1.31,1.37,1.34,1.18,1.23,1.2,1.13,0.883,1.25,1.28
Cape Verde,2.78,3.39,3.97,4.43,4.76,4.93,5.13,5.26,5.04,4.41,3.54,2.76,2.09,1.61,1.57,1.88,2.27,2.57,2.87,3.1,3.63,7.8,7.91,7.87,7.7,7.39,8.91,8.5,8.23,8.13,8.09,4.4,4.62,4.73,4.68,4.53,4.35,4.19,4.05,3.92,3.8,3.56,3.44,3.29,3.12,2.94,2.75,2.58,2.47,2.42,2.4,1.93,1.95,1.97,1.99,1.99,1.99,1.99
Central African Republic,4.83,4.88,4.94,4.99,5.05,5.07,5.11,5.14,5.32,5.24,5.14,5.04,4.96,4.92,4.96,5.04,4.08,3.29,3.4,3.55,3.7,3.86,3.98,3.98,3.83,3.58,3.3,3.08,2.98,2.67,2.53,2.73,2.88,2.94,2.9,2.79,2.66,2.56,2.47,2.39,2.33,2.25,2.17,2.09,2.04,2.05,2.1,2.13,2.05,1.83,1.54,1.21,0.963,0.901,1.09,1.47,1.9,2.28
Chad,5.83,5.85,5.87,5.88,6.5,8.42,8.35,8.27,8.26,8.28,8.38,8.48,8.56,8.19,8.08,7.88,7.69,7.51,7.41,2.98,3.09,3.18,3.29,3.41,3.59,3.76,3.96,4.12,4.23,4.25,4.23,4.21,4.19,4.01,3.4,3.47,3.53,3.57,3.64,3.73,3.82,3.92,3.98,3.98,3.9,3.76,3.61,3.5,3.42,3.41,3.52,3.63,3.73,3.79,3.82,3.83,3.83,3.84
Chile,3.55,3.43,3.34,3.31,3.27,3.22,3.18,3.14,3.07,2.97,2.87,2.75,2.65,2.56,2.48,2.41,2.34,2.28,2.23,2.2,2.19,2.18,2.08,1.71,1.74,1.78,1.81,1.84,1.85,1.83,1.8,1.76,1.78,1.93,1.88,1.83,1.77,1.72,1.66,1.61,1.57,1.52,1.43,1.19,1.17,1.15,1.13,1.11,1.09,1.07,1.03,1,0.973,0.947,0.925,0.907,0.896,0.884
China,4.94,2.05,3.87,5.49,5.33,1.21,1.84,1.84,1.88,2.01,2.03,2.12,1.83,2.28,2.69,2.39,1.89,1.71,3.48,5.26,5.16,5.13,5.3,4.47,4.32,4.34,4.44,4.53,4.51,4.4,4.31,4.6,4.43,4.3,4.25,4.16,4.09,4.01,3.91,3.77,3.65,4.06,4.2,4.08,3.98,3.88,3.67,3.51,3.43,3.34,3.26,3.06,2.94,2.88,2.83,2.77,2.74,2.69
Colombia,6.13,6.05,5.98,5.89,5.81,4.49,4.41,4.36,4.28,4.13,3.97,3.79,3.64,3.53,3.44,3.41,3.41,3.4,3.38,3.37,3.34,3.32,3.3,3.26,3.2,3.13,2.89,2.76,2.7,2.64,2.59,2.54,2.49,2.42,2.36,2.29,2.23,2.16,2.11,2.07,2.04,2.01,1.97,1.94,1.89,1.84,1.79,1.73,1.68,1.63,1.58,1.53,1.48,1.44,1.39,1.35,1.31,1.26
Comoros,7.83,7.72,7.67,7.65,7.66,7.69,7.78,3.94,4,3.99,3.92,3.82,3.77,3.88,4.2,4.64,5.11,5.46,5.6,5.47,5.19,4.98,4.77,4.62,4.6,4.65,4.72,4.75,4.76,4.75,4.73,4.71,3.17,2.74,2.7,2.64,2.59,2.54,2.48,2.42,2.37,2.31,2.26,2.22,2.22,2.28,2.35,2.41,2.47,2.53,2.6,2.66,2.71,2.76,2.79,2.81,2.83,2.85
"Congo, Dem. Rep.",4.02,3.52,3.55,3.58,3.64,3.71,3.78,3.83,3.85,3.82,3.76,3.69,3.64,3.62,3.65,3.71,3.78,3.83,3.82,3.74,3.61,3.49,3.41,3.38,3.42,4.04,4.1,4.15,4.3,4.52,4.79,5.09,5.31,5.29,5.02,4.6,4.15,3.8,3.62,3.67,3.86,4.08,4.24,4.37,4.44,4.48,4.52,4.57,4.6,4.63,4.64,4.66,4.66,4.65,4.64,4.62,4.6,4.57
"Congo, Rep.",4.78,4.8,4.84,4.86,4.88,4.88,4.88,4.88,4.9,4.93,4.97,5.02,5.05,5.03,5.08,5.14,5.06,4.97,4.91,4.88,4.86,4.84,4.82,4.77,4.71,4.12,3.6,3.55,3.52,3.5,3.49,3.49,3.49,3.49,3.5,3.52,3.56,3.67,3.67,3.64,3.6,3.54,3.49,3.53,3.65,3.83,4.02,4.16,4.17,4.03,3.8,3.55,3.35,3.23,3.19,3.23,3.27,3.29
Costa Rica,3.79,3.82,3.82,4.15,5.17,5.04,4.91,4.79,4.66,4.51,4.37,4.22,4.1,3.92,3.32,3.34,3.39,3.41,3.44,3.46,3.48,3.49,3.5,3.49,3.53,4.62,4.54,4.46,4.4,4.37,4.36,4.35,4.32,4.27,4.21,4.14,4.06,3.97,3.85,3.68,3.5,4.08,3.85,3.66,3.52,3.42,3.33,3.23,3.13,3.01,2.89,2.77,2.63,2.49,2.37,2.26,2.15,2.05
Cote d'Ivoire,10.4,10.5,10.5,10.5,10.4,10.2,6.6,6.52,6.54,6.68,6.91,7.12,7.28,7.34,7.35,7.56,8.8,8.65,8.52,5.08,5.02,4.95,4.88,4.78,4.66,4.53,4.39,4.26,4.29,4.52,4.5,4.48,4.43,4.36,4.25,4.11,3.99,3.86,3.7,3.52,3.31,3.05,2.85,2.73,2.72,2.79,2.88,2.96,3.04,3.12,3.2,3.28,3.35,3.4,3.4,3.4,3.39,3.38
Croatia,3.5,3.66,3.78,3.71,3.63,3.55,3.48,3.43,3.36,3.26,3.23,2.93,2.11,2.06,2,1.94,1.89,1.56,2.03,1.81,1.84,1.7,1.31,1.24,1.17,1.16,1.15,1.08,1.06,0.901,0.961,-5.19,-0.442,4.18,0.658,0.851,-3.38,2.16,-1.13,1.6,-2.42,0.716,0.313,0.314,0.288,0.377,0.264,0.218,0.273,0.183,0.0497,-2.85,0.0264,0.0811,-0.0186,-0.41,-0.258,-0.705
Cuba,2.24,2.38,2.5,2.55,2.51,2.41,2.29,2.18,2.11,2.08,2.07,2.93,3.08,2.97,2.79,2.57,2.34,2.14,1.97,1.82,1.71,1.59,1.23,1.15,1.23,1.36,1.54,1.68,1.74,1.69,1.56,1.19,0.857,0.768,0.724,0.712,0.703,0.74,0.771,0.726,0.677,0.628,0.585,0.453,0.32,0.276,0.228,0.188,0.175,0.199,0.248,0.31,0.362,0.323,0.286,0.235,0.171,0.136
Cyprus,2.77,2.13,1.59,1.4,1.47,1.74,2.07,2.33,2.51,2.56,2.51,2.45,2.41,3.37,6.26,6.07,5.91,5.71,5.45,5.09,4.68,4.22,3.85,1.7,1.19,1.51,1.88,2.18,2.43,2.59,2.68,2.75,2.82,2.53,2.4,2.34,2.27,2.19,2.12,2.07,2.02,1.96,1.61,1.48,1.47,1.48,1.51,1.52,1.45,1.3,1.1,0.878,0.69,0.591,0.575,0.623,0.687,0.735
Czech Republic,2.2,0.701,1.21,1.28,1.39,1.31,1.2,1.09,0.994,0.949,0.346,1.06,2.22,2.29,2.34,2.32,2.23,2.1,1.99,1.88,1.45,0.382,0.0997,0.0491,0.0231,0.0284,0.0109,0.0107,0.0384,0.0174,-0.306,-0.323,-0.0682,-0.0681,-0.136,-0.234,-0.291,-0.284,-0.271,-0.279,-0.459,-0.526,-0.285,-0.122,-0.0632,0.0446,0.177,0.488,0.735,0.474,0.197,0.111,0.156,0.16,0.233,0.323,0.319,0.379
Denmark,1.77,1.68,1.68,1.67,1.66,1.61,1.54,1.49,1.29,1.22,1.4,1.32,1.18,1.2,1.05,0.853,0.802,0.657,0.651,0.581,0.451,0.201,0.0575,0.061,0.0771,0.169,0.261,0.253,0.174,0.185,0.24,0.293,0.362,0.365,0.369,0.553,0.598,0.447,0.395,0.361,0.351,0.417,0.437,0.401,0.499,0.614,0.61,0.67,0.812,0.728,0.607,0.598,0.589,0.589,0.642,0.839,0.913,0.855
Djibouti,7.08,7.86,8.5,8.79,8.83,8.72,8.68,8.69,8.6,8.36,8.13,7.67,7.37,7.8,9,10.4,11.8,12.5,11.9,10.1,7.92,5.64,3.96,2.95,3.34,4.99,6.81,7.89,7.87,6.65,4.87,2.95,1.41,0.618,0.686,1.34,2.15,2.71,2.99,2.88,2.53,2.15,1.89,1.71,1.65,1.67,1.7,1.7,1.72,1.73,1.77,1.81,1.84,1.85,1.83,1.79,1.74,1.7
Dominica,2.54,1.86,1.72,1.68,1.76,1.9,2.11,2.23,2.16,1.86,1.83,2.71,2.22,1.97,2.02,2.31,2.65,2.9,2.95,2.72,2.29,2.27,3.28,2.88,2.61,2.42,2.24,2.06,1.98,2.03,2.17,2.08,0.317,0.472,0.364,0.128,-0.18,-0.419,-0.523,-0.418,-0.193,0.171,0.689,0.847,0.87,0.805,0.708,0.65,0.617,0.659,0.728,0.821,0.885,0.925,0.953,0.955,0.952,0.947
Dominican Republic,5.68,6.36,6.36,6.28,6.19,6.08,5.98,5.87,5.77,5.65,5.55,5.44,5.34,5.22,5.12,5.01,4.9,4.8,4.7,4.61,4.52,4.43,3.48,2.73,2.69,2.64,2.6,2.56,2.53,2.5,2.47,2.45,2.42,2.38,3.11,3.26,3.17,3.08,3.01,2.95,2.91,2.86,2.82,3.45,3.64,3.52,3.41,3.3,3.19,3.08,2.98,2.74,2.56,2.48,2.4,2.32,2.24,2.16
Ecuador,4.57,4.57,4.58,4.43,4.34,4.34,4.33,4.32,4.31,4.28,4.25,4.21,4.18,4.14,4.15,4.91,4.84,4.77,4.71,4.64,4.58,4.51,4.45,4.22,4.05,4.02,3.99,3.94,3.9,3.85,3.8,3.47,3.24,3.18,3.12,3.05,2.98,2.91,2.84,2.76,2.67,2.59,2.22,1.97,1.96,1.98,1.99,2.01,2.01,1.99,1.95,1.87,1.8,1.77,1.75,1.72,1.69,1.67
Egypt,4.39,3.81,3.62,3.59,3.57,3.54,3.52,3.49,3.44,3.36,3.27,3.17,3.1,3.05,3.05,3.08,3.11,2.66,2.39,2.44,2.5,2.54,2.58,2.62,2.68,2.73,2.79,2.61,2.45,2.34,2.17,2,1.85,1.74,1.66,1.62,1.58,1.8,1.95,1.94,1.96,1.98,2,2.01,1.98,1.94,1.89,1.76,1.72,1.81,1.93,2.06,2.08,2.12,2.08,1.99,1.89,1.87
El Salvador,3.26,3.32,3.19,3.22,3.21,3.17,3.11,3.05,3,2.95,2.91,2.86,3.79,3.71,3.61,3.51,3.41,3.31,3.19,3.06,2.92,2.77,2.65,2.55,2.49,2.45,2.42,2.38,2.37,2.37,2.38,2.4,2.41,3.52,3.76,3.59,3.42,3.25,3.09,1.76,1.67,1.58,1.5,1.43,1.39,1.35,1.33,1.38,1.87,1.83,1.8,1.78,1.75,1.73,1.71,1.69,1.65,1.61
Equatorial Guinea,5.88,3.76,1.74,1.85,2.15,2.5,3,3.3,3,1.94,0.431,-1.26,-2.72,-3.7,-3.88,-3.32,-2.62,-1.88,-0.555,1.39,3.62,5.95,7.67,8.22,10.3,9.07,7.72,6.71,6.05,5.82,5.91,6.02,6.05,6.09,6.16,7.77,7.81,7.83,7.82,7.75,7.66,7.54,7.45,7.39,7.39,7.39,7.39,7.35,7.26,7.12,6.94,6.76,6.58,5.04,4.9,4.75,4.58,4.42
Eritrea,5.59,5.65,5.7,5.74,5.75,5.72,5.72,5.7,3.9,3.91,3.94,3.96,3.99,4,4.01,4.01,4.02,4,4.02,4.06,4.1,4.12,4.09,4.09,4.49,6.62,6.7,6.7,6.41,5.76,4.93,4.01,3.25,2.86,3.02,3.58,4.25,4.79,5.3,5.68,5.96,6.24,6.48,6.5,6.27,5.87,5.45,5.08,4.83,3.53,3.54,3.57,,,,,,
Estonia,2.03,2.44,2.65,2.66,2.7,2.59,2.29,1.98,2.09,2.19,2.09,2.06,1.94,1.76,1.65,1.56,1.47,1.48,1.42,1.09,0.911,1.01,1.02,0.987,0.952,0.963,1.04,1.07,0.912,0.433,-0.192,-0.762,-2.09,-2.84,-2.4,-2.05,-1.74,-1.41,-1.23,0.0216,0.232,-0.819,-0.816,-0.812,-0.782,-0.757,-0.776,-0.643,-0.455,-0.38,-0.417,-0.493,-0.345,-0.138,-0.0467,0.281,0.244,0.201
Ethiopia,5.55,5.64,5.71,5.75,5.78,5.78,5.76,5.73,4.45,4.54,4.67,4.82,4.93,4.85,4.56,4.15,3.69,3.33,3.23,3.44,3.83,4.3,4.67,4.94,5.08,5.14,5.14,5.16,5.2,5.27,5.37,5.47,5.52,5.5,5.39,4.79,4.46,4.31,4.22,4.17,4.17,4.16,4.16,4.13,4.09,4.03,3.99,4.05,5.08,5.04,5.03,5.01,5,4.87,4.83,4.78,4.73,4.67
Fiji,5.26,5.33,5.36,5.28,5.07,4.77,4.47,3.67,3.36,3.26,3.23,3.22,3.19,3.16,3.11,3.05,2.96,2.35,2.24,2.38,2.58,2.84,3.01,2.94,2.56,1.99,1.36,2.11,2.07,2.11,2.41,2.77,3.04,3.18,3.16,3.01,2.86,2.03,1.77,1.6,1.41,1.18,0.989,0.919,1.01,1.21,1.46,1.67,1.98,2.01,1.92,1.8,1.72,1.65,1.64,1.65,1.66,1.66
Finland,3.02,2.55,2.16,2.16,1.98,1.73,1.74,1.88,1.76,1.23,0.879,1.4,1.89,1.83,1.76,1.65,1.48,1.42,1.4,1.34,1.37,1.54,1.72,1.72,1.62,1.47,1.32,1.22,1.2,1.24,1.3,1.14,0.918,0.834,0.777,0.722,0.649,0.596,0.561,0.524,0.496,0.453,0.406,0.402,0.452,0.503,0.543,0.583,0.623,0.634,0.865,1.11,1.1,0.795,0.472,0.388,0.346,0.349
France,2.42,2.51,2.81,3.3,3.15,2.92,2.67,2.45,1.97,1.29,1.34,1.42,1.47,1.46,1.37,1.06,0.628,0.505,0.433,0.429,0.477,0.537,0.589,0.633,0.66,0.676,0.693,0.712,0.715,0.698,0.709,0.313,0.729,0.663,0.601,0.587,0.581,0.577,0.59,0.775,1.02,1.06,1.06,1.04,1.06,1.07,1.02,0.934,0.877,0.834,0.816,0.806,0.809,0.84,0.807,0.745,0.728,0.715
Gabon,4.99,6.21,7.78,7.82,7.9,7.98,8.07,8.14,8.11,7.94,7.72,8.25,7.99,7.75,7.61,7.5,7.41,7.27,7.14,6.99,6.83,6.65,4.92,4.89,4.87,4.83,4.8,4.76,4.92,4.81,4.7,4.58,4.48,4.36,3.85,3.74,3.67,3.61,3.56,3.52,3.49,3.45,3.43,3.46,3.53,3.63,3.72,3.78,3.86,3.93,3.99,4.06,4.09,3.98,3.73,3.39,3.04,2.73
Gambia,4.68,4.02,3.43,4.01,7.54,7.66,7.82,7.93,8.07,8.19,8.33,8.5,8.65,8.22,6.29,6.15,5.99,5.88,5.89,6,6.19,6.34,6.47,6.72,7.23,7.44,7.68,7.8,7.71,7.34,6.84,6.33,5.91,5.48,4.89,4.87,4.86,4.83,4.84,4.87,4.91,4.97,5.01,4.95,4.66,4.63,4.59,4.55,4.52,4.49,4.47,4.44,4.41,4.37,4.32,4.26,4.19,4.13
Georgia,2.99,2.71,2.64,2.59,2.52,2.41,2.23,2.05,1.97,1.99,1.98,2.01,1.97,1.83,1.81,1.67,1.65,1.6,1.49,1.52,1.49,1.46,1.49,1.52,1.49,1.5,1.51,1.44,1.6,0.388,-0.46,0.268,0.336,0.33,-1.46,-3.1,-2.97,-2.3,-1.43,-1.23,-1.23,-1.18,-0.591,-0.555,-0.579,-0.58,-0.578,-0.6,-0.575,-0.598,-0.62,-0.618,-0.614,-0.613,-0.635,0.399,0.734,0.62
Germany,1.25,1.21,0.97,1.02,0.896,0.942,0.923,0.546,0.533,0.882,0.42,0.264,0.557,0.394,0.118,-0.294,-0.35,-0.148,-0.01,0.123,0.286,0.351,0.0664,-0.268,-0.565,-0.542,-0.0836,0.455,0.614,0.742,1.06,0.935,0.884,0.844,0.636,0.581,0.575,0.428,0.296,0.342,0.412,0.441,0.439,0.324,0.245,0.208,0.149,0.127,0.0674,0.00225,0.1,-1.6,0.201,0.286,0.43,0.879,0.838,0.468
Ghana,6.66,5.49,5.44,5.32,5.11,4.84,4.55,4.31,4.21,4.3,4.04,3.39,3.61,3.63,3.42,3.07,2.67,2.38,2.33,2.6,3.08,3.6,4,4.2,4.58,5.35,5.1,4.91,4.78,4.73,4.73,4.75,4.74,4.69,4.6,4.49,4.37,4.27,4.22,4.21,4.18,4.04,4.06,4.07,4.07,4.06,4.05,4.03,3.99,3.93,3.87,3.79,3.72,3.64,3.58,3.52,3.46,3.39
Greece,1.39,1.71,2.15,1.9,1.86,1.93,2.17,2.21,2.02,1.7,1.54,1.57,1.42,1.21,1.12,1.68,2.28,2.01,2,1.94,1.67,1.48,0.894,0.859,0.773,0.66,0.601,0.604,0.631,0.787,1.32,1.44,0.934,0.757,0.668,0.635,0.607,0.658,0.72,0.548,0.573,0.79,0.9,0.764,0.767,0.804,0.803,0.751,0.755,0.744,0.602,0.319,-0.0787,-0.27,-0.219,-0.217,0.0201,0.285
Grenada,2.43,2.15,1.88,1.6,1.38,1.15,0.919,0.698,0.508,0.403,0.267,-0.0428,-0.0493,-0.109,-0.297,-0.543,-0.884,-1.17,-1.03,-0.353,0.706,1.95,2.89,3.21,2.68,1.63,0.388,-0.615,-1.19,-1.07,-0.456,0.403,1.48,1.85,1.82,1.56,1.24,1.03,0.884,0.827,0.872,0.843,0.229,0.253,0.258,0.268,0.284,0.299,0.314,0.335,0.347,0.364,0.413,0.48,0.543,0.597,0.669,0.728
Guatemala,5.04,4.99,4.96,4.92,4.68,3.81,3.81,3.8,3.78,3.75,3.7,3.67,3.63,3.58,3.51,3.45,3.39,3.34,3.3,3.29,3.3,3.31,3.31,3.31,3.28,3.23,3.19,3.15,3.13,3.12,3.12,3.13,3.13,3.12,3.09,3.06,3.03,2.99,2.99,3,3.03,3.06,3.09,3.04,2.99,2.95,2.9,2.87,2.84,2.81,2.79,2.77,2.74,2.74,2.73,2.72,2.7,2.69
Guinea,5.94,5.9,5.87,5.88,5.91,5.96,6.03,6.06,5.98,5.74,5.43,5.11,4.84,4.6,4.46,4.37,4.29,4.23,4.33,4.59,4.96,5.39,5.82,5.08,3.77,3.86,3.85,3.89,4.2,4.83,5.6,6.38,6.87,6.82,6.19,5.24,4.26,3.44,2.86,2.65,2.66,2.72,2.72,2.75,2.8,2.85,2.93,3.02,3.08,3.09,3.08,3.06,3.05,3.08,3.14,3.27,3.39,3.49
Guinea-Bissau,4.25,2.2,2.12,2.12,2.23,2.39,2.57,2.71,2.83,2.91,2.98,3.06,3.13,3.02,2.71,2.28,1.78,1.37,1.26,2.39,7.04,7.57,8.02,8.28,8.28,8.09,7.89,7.72,7.58,7.48,7.42,7.36,5.13,3.48,3.35,3.17,2.98,2.83,2.76,2.78,2.87,2.97,3.07,3.15,3.21,3.25,3.29,3.33,3.38,3.43,3.49,3.54,3.58,3.59,3.57,3.54,3.49,3.44
Guyana,3.45,3.14,2.98,2.79,2.56,2.31,2.06,1.83,1.65,1.53,1.5,1.6,1.52,1.46,1.44,1.44,1.46,1.46,1.37,1.16,0.774,-0.1,-0.362,-0.592,-0.781,-0.921,-1.08,-1.21,-1.2,-0.98,-0.62,-0.173,0.213,0.41,0.339,0.083,-0.231,-0.484,-0.641,-0.662,-0.568,-0.445,-0.358,-0.746,-0.889,-0.96,-1.05,-1.1,-1.08,-0.958,-0.763,-0.543,0.532,0.66,0.752,0.771,0.776,0.799
Haiti,4.4,4.4,4.4,4.39,4.39,4.37,4.37,4.35,4.32,4.25,4.17,4.08,2.22,1.84,1.88,1.95,2.02,2.09,2.15,2.23,2.31,2.39,2.45,5.99,6.62,6.51,6.4,6.29,6.2,6.08,5.99,5.89,5.8,3.82,3.78,3.74,3.7,3.59,3.54,3.49,3.43,6.2,6.04,5.89,4.09,3.84,3.8,3.75,3.71,3.63,3.56,3.49,3.42,3.34,3.27,3.2,3.1,2.99
Honduras,5.31,5.27,5.25,5.24,5.25,5.25,5.28,5.29,5.3,5.28,5.26,5.24,5.22,5.21,5.05,4.72,4.73,4.74,4.74,4.73,4.7,4.68,4.65,4.62,4.59,4.54,4.5,4.46,4.38,4.13,4.11,4.09,4.06,4.02,3.99,3.95,3.9,3.86,3.81,3.76,3.71,3.66,3.91,3.86,3.78,3.69,3.6,3.52,3.43,3.34,3.25,3.16,3.07,3,2.94,2.89,2.85,2.8
Hungary,0.899,1.21,1.07,1,1.05,1,1.02,1.08,1.09,1.12,1.08,0.994,0.999,1.01,1.13,1.27,1.22,1.13,0.999,0.829,0.53,0.288,0.222,0.13,0.0791,0.0951,0.104,0.106,0.12,-0.818,-0.991,-0.196,-0.231,-0.306,-0.33,-0.332,-0.365,-0.397,-0.428,-0.479,-0.456,-0.0824,0.349,0.339,0.398,0.51,0.64,0.628,0.596,0.603,0.431,0.363,-0.0561,0.119,0.122,0.15,0.0998,0.0633
Iceland,2.64,2.57,2.46,2.37,2.36,2.3,2.24,2.15,1.89,1.43,1.02,1.24,1.89,1.92,1.76,1.67,1.38,1.12,1.14,1.33,1.41,1.45,1.64,1.62,1.35,1.07,1.01,1.36,1.83,1.49,1.03,1.36,1.45,1.21,1.06,0.728,0.722,0.996,1.25,1.37,1.51,1.47,1.03,0.829,1.01,1.71,2.48,2.66,1.98,0.465,-0.0766,0.319,0.546,0.981,1.15,1.08,1.43,1.77
India,2.33,2.59,3.05,3.07,3.09,3.09,3.1,3.11,3.12,3.16,3.21,3.42,3.94,3.95,3.96,3.93,3.91,3.89,3.87,3.87,3.88,3.69,3.3,3.29,3.26,3.22,3.18,3.14,3.11,3.07,3.03,2.94,2.8,2.76,2.74,2.71,2.68,2.66,2.63,2.59,2.55,2.64,2.86,2.81,2.77,2.73,2.68,2.65,2.6,2.54,2.48,2.42,2.4,2.38,2.37,2.37,2.38,2.38
Indonesia,4.23,4.24,4.24,4.25,4.26,4.27,4.28,4.29,4.27,4.26,4.22,4.2,5.14,5.37,5.33,5.27,5.22,5.15,5.1,5.05,5.02,5.5,5.72,5.63,5.54,5.41,5.29,5.18,5.07,4.96,4.88,5.05,5.08,4.97,4.87,4.76,4.65,4.54,4.46,4.38,4.32,3.23,3.21,3.18,3.15,3.12,3.09,3.05,3.02,2.98,2.9,2.66,2.62,2.57,2.52,2.46,2.4,2.33
Iran,4.52,4.5,4.5,4.49,4.48,4.47,4.48,4.78,4.94,4.89,4.85,4.81,4.8,4.81,4.87,4.95,5.02,4.84,4.83,5.02,5.23,5.41,5.52,5.56,5.52,5.42,5.34,4.94,4.58,4.12,3.57,2.97,2.91,2.74,2.7,2.85,3.05,3.06,3.06,2.96,2.77,2.56,2.4,2.28,2.21,2.17,2.14,2.03,1.98,1.99,2.01,2.04,2.04,2.03,1.99,1.93,1.86,1.79
Iraq,6.04,6.03,6.05,6.08,6.15,6.2,5.61,5.42,5.45,5.41,5.32,5.22,5.13,5.04,4.98,4.93,4.88,4.8,4.36,4.1,3.97,3.84,3.74,3.61,3.48,3.34,3.2,3.09,2.27,2.04,2.22,2.41,2.57,2.69,2.76,2.8,2.83,2.86,3.09,3.13,3.04,2.95,2.87,2.8,2.73,2.67,2.6,2.55,2.59,2.73,3.04,3.33,3.49,3.55,3.49,3.35,3.21,3.1
Ireland,0.183,0.313,0.873,1.04,0.943,0.83,1.27,2.92,2.85,2.92,3.13,3.09,2.14,2.25,2.3,2.28,2.14,1.98,2.04,1.95,1.77,1.71,1.23,0.997,0.905,0.445,0.315,0.233,-0.207,-0.174,0.304,0.828,1.07,0.881,0.774,0.89,1.18,1.42,1.46,1.55,1.75,2,2.11,2.09,2.29,2.63,3.13,3.22,2.37,1.34,0.87,0.76,0.747,0.847,1.05,1.26,1.45,1.55
Israel,5.36,4.77,5.81,4.63,4.87,4.37,3.39,5.14,2.88,3.36,4.05,3.85,3.2,4.56,3.48,2.77,2.7,2.69,2.55,3,2.82,2.39,2.27,2.18,1.43,1.89,1.67,1.74,1.77,1.81,3.21,6.13,3.57,2.77,2.7,2.78,2.7,2.57,2.36,2.62,2.71,2.43,2.08,1.87,1.84,1.83,1.84,1.84,1.84,2.46,1.9,1.92,1.92,1.94,2,2.06,2.04,2.02
Italy,2.84,1.5,1.51,1.55,1.64,1.64,1.57,1.5,1.4,1.33,1.28,1.21,1.01,0.988,0.962,0.904,0.805,0.728,0.657,0.589,0.504,0.415,0.147,0.00639,-0.00756,-0.00102,-0.0245,-0.0197,0.0184,0.045,0.0537,0.0393,0.122,0.151,0.11,0.0913,0.118,0.142,0.118,0.106,0.135,0.145,0.297,0.621,0.823,0.666,0.475,0.679,0.836,0.627,0.48,0.343,0.62,1.59,1.34,0.326,0.246,0.287
Jamaica,4.15,3.52,3.65,3.7,3.65,3.52,3.38,3.27,3.22,3.24,3.17,2.8,2.88,2.89,2.83,2.71,2.57,2.44,2.4,2.46,2.59,2.75,2.81,2.12,1.96,1.7,1.4,1.16,1.01,1.01,1.1,1.23,1.37,1.43,1.45,1.44,1.44,1.44,1.41,1.36,1.3,1.22,1.07,0.986,0.956,0.934,0.92,0.899,0.878,0.847,0.814,0.782,0.779,0.782,0.789,0.799,0.81,0.817
Japan,2.41,4.08,2.37,2.42,2.41,2.4,2.14,2.11,1.48,3.18,2.21,2.38,2.48,1.87,2.92,2.58,1.04,1.04,0.981,0.919,0.859,0.867,0.823,0.825,0.778,0.754,0.77,0.657,0.59,0.571,0.504,0.483,0.425,0.422,0.514,0.555,0.418,0.401,0.433,0.342,0.328,1.93,2.28,2.09,1.75,1.58,1.38,1.29,1.13,0.977,0.928,0.0974,-0.073,-0.0587,-0.0472,-0.0218,-0.0321,-0.0792
Jordan,8.29,7.25,5.22,4.5,5.5,6.9,8.29,9.09,9.02,8.12,6.82,5.58,4.64,3.96,3.58,3.44,3.31,3.18,3.22,3.43,4.96,5.95,6.21,6.32,6.26,6.1,5.85,5.67,5.71,6,6.41,6.85,7.07,6.86,6.18,4.55,3.11,2.44,1.98,1.77,1.76,1.77,1.81,2.06,2.56,4.65,5.63,5.99,6.27,6.44,6.52,6.57,6.52,6.19,5.57,4.18,3.46,2.84
Kazakhstan,5.69,5.42,5.12,4.77,4.39,4.2,3.79,3.42,3.14,2.99,2.82,2.65,2.62,2.55,2.44,1.82,1.68,1.57,1.52,1.67,1.9,1.94,1.96,1.98,2,1.43,1.47,1.47,1.33,1.69,0.443,0.463,-0.233,-0.826,-1.62,-1.71,-1.48,-1.54,-1.69,-0.883,-0.17,-0.04,0.134,0.466,0.824,1.02,1.19,1.27,1.35,2.77,1.54,1.56,1.54,1.57,1.6,1.59,1.55,1.49
Kenya,5.8,5.83,5.87,6.53,6.65,6.65,6.68,6.71,6.74,6.78,7.9,8.12,8.16,8.16,8.17,8.17,8.17,8.14,8.13,8.13,4.97,4.44,4.45,4.42,4.39,4.32,4.26,4.19,4.12,4.04,4.93,5.01,4.93,4.85,4.76,4.68,4.6,4.53,4.48,4.44,4.47,4.46,4.45,4.44,4.44,4.44,4.44,4.44,4.43,4.41,4.39,4.39,4.38,4.37,4.34,4.32,4.29,4.26
Kiribati,6.25,6.23,6.2,6.16,6.06,5.9,5.78,5.65,5.51,6.32,6.93,6.74,6.55,6.38,4.81,3.65,3.65,3.64,3.64,2.84,2.18,2.09,2.07,2.14,2.36,2.72,3.19,3.48,3.54,3.36,3.01,2.57,2.24,2.06,2.04,2.16,4.15,5.19,5.2,5.15,5.08,2.9,1.76,1.81,1.88,1.99,3.17,4.03,4.04,3.96,3.85,3.7,3.59,3.49,3.44,3.4,3.35,3.27
Kuwait,11.5,12.3,12.7,12.7,12.3,11.9,12.1,11.5,10.8,9.93,9.01,7.94,7.32,6.93,6.78,6.95,7.59,7.35,7.06,6.7,6.34,5.96,5.4,5.13,5.18,5.26,5.45,5.66,4.84,2.82,0.142,-3.08,,,,,1.53,5.2,7,6.53,4.81,3.73,1.71,1.17,1.77,3.06,4.33,5.17,5.78,6.09,6.16,6.24,6.21,5.8,4.99,3.97,2.92,2.05
Kyrgyz Republic,4.04,4.74,4.34,4.34,4.28,4.02,4.08,3.95,3.87,3.6,2.9,2.47,2.54,2.48,2.58,2.48,2.37,2.3,2.21,1.99,1.7,1.74,1.84,1.95,1.88,1.74,1.76,1.77,1.63,1.67,1.17,0.873,0.385,-0.74,-0.81,0.22,0.698,0.676,0.746,0.91,1.19,0.943,0.915,1.04,1.21,1.12,1.07,0.948,0.945,1.2,1.26,1.35,1.87,2.25,2.34,2.46,2.5,2.52
Lao,3.22,3.23,3.24,3.25,3.26,3.28,3.27,5.76,5.79,5.85,5.95,6.08,6.16,5.62,4.67,4.23,3.77,3.39,3.26,3.41,3.78,4.16,4.51,4.75,4.9,4.99,5.09,5.13,5.15,5.12,5.08,5.03,4.95,4.84,4.68,5.39,6.95,6.73,6.54,6.38,6.26,6.11,5.99,5.89,5.86,5.1,3.69,3.73,3.72,3.63,3.5,3.35,3.23,3.16,3.16,3.22,3.29,3.32
Latvia,2.22,2.98,2.81,2.78,2.76,2.52,2.13,2.13,2.29,2.13,1.95,1.91,1.92,1.93,1.96,1.83,1.64,1.58,1.51,1.14,0.841,0.82,0.879,1,1.04,1.06,1.14,1.26,1.26,0.636,-0.0705,-0.544,-1.88,-2.05,-1.53,-1.65,-1.27,-1.07,-1.16,-1.15,-1.19,-1.46,-1.31,-1.04,-0.944,-0.933,-0.966,-0.915,-1.15,-1.68,-2.04,-1.78,-1.2,-1.03,-0.902,-0.777,-0.854,-0.885
Lebanon,7.31,7.18,7.02,6.75,6.38,5.93,5.43,4.99,4.75,4.75,4.92,5.05,5.11,4.96,4.46,3.74,2.96,2.29,1.85,1.73,1.84,2.05,2.21,2.22,2.03,1.71,1.32,1.03,1.03,0.74,1.41,2.24,2.9,3.16,2.91,2.34,1.61,1.08,1.05,1.5,2.6,3.91,4.88,5.09,4.43,3.3,1.91,0.875,0.762,1.91,3.78,5.8,7.08,7.24,6.2,4.51,2.8,1.44
Lesotho,13.8,13.7,13.8,13.8,13.7,13.7,12.4,6.98,6.99,6.98,6.96,6.94,6.75,6.55,6.66,6.77,6.05,3.12,3.18,3.16,3.11,3.05,2.99,2.89,2.75,2.58,3.16,5.72,5.62,5.63,5.71,5.82,5.88,5.85,5.71,5.49,5.03,3.97,3.82,3.71,3.62,3.54,3.47,3.41,3.39,3.36,3.36,2.94,2.98,3.03,3.11,3.19,2.79,2.84,2.86,2.86,2.84,2.83
Liberia,5.67,5.65,5.66,5.65,5.66,5.67,5.68,5.69,5.72,5.73,5.76,5.78,5.81,5.83,5.87,5.92,5.88,5.8,5.83,5.98,6.15,6.39,6.48,6.15,6.84,7.72,6.34,5.15,4.19,3.52,3.2,2.77,-7.12,-6.74,-5.37,-3.4,-1.22,8.15,8.64,7.73,6.12,4.4,3.14,2.49,2.67,3.39,4.2,4.72,4.92,4.73,4.29,3.84,3.51,3.3,3.25,3.3,3.37,3.4
Libya,6.48,6.52,6.57,6.65,6.74,12.3,12.6,12.3,12,11.6,11.2,10.8,10.4,9.93,7.1,6.68,6.46,6.24,6.08,5.98,5.9,5.83,5.72,5.53,5.25,3.53,3.14,2.91,2.73,2.61,2.53,2.47,2.39,2.29,2.15,1.98,1.82,1.69,1.62,1.62,1.67,1.72,1.75,1.77,1.77,1.74,1.74,1.74,1.63,1.38,1.06,0.682,0.377,0.273,0.452,0.826,1.27,1.63
Liechtenstein,2.31,1.79,1.27,1.37,1.46,1.53,1.61,1.69,1.64,1.53,1.28,1.67,1.89,1.78,1.77,1.9,2.03,2.06,2.08,1.87,1.58,0.885,0.314,0.146,0.125,0.104,0.187,0.208,0.249,0.289,0.391,0.615,0.834,0.907,0.959,1.03,0.412,-0.216,-0.236,-0.355,-0.515,0.0397,0.653,0.511,0.411,0.371,0.311,0.271,0.251,0.251,0.269,0.364,0.458,0.57,0.642,0.675,0.689,0.777
Lithuania,4.06,4.07,3.82,3.62,3.59,3.52,3.48,3.42,3.3,3.05,3.13,3.57,3.51,3.32,3.21,3.09,3,2.9,2.79,2.24,1.76,1.86,1.96,2.04,2.04,2.04,2.12,2.17,2.17,1.33,0.281,0.0813,-0.196,-0.563,-0.782,-0.859,-0.85,-0.826,-0.814,-0.799,-0.793,-0.924,-0.939,-0.949,-1.26,-1.64,-1.49,-1.08,-0.922,-1.12,-2.22,-2.28,-1.16,-0.83,-0.678,-0.759,-1.07,-1.2
Luxembourg,1.11,1.44,1.96,1.76,1.83,1.83,1.4,1,0.916,1.14,1.13,1.68,2.03,1.89,2.08,1.85,1.23,0.889,0.877,0.913,1.02,0.796,0.153,0.0961,0.172,0.263,0.518,0.716,0.795,1.04,1.32,1.57,1.82,1.75,2.12,1.9,1.28,1.2,1.38,2.02,2.26,1.93,1.58,1.73,1.93,2.02,2.07,2,2.23,2.28,2.24,2.63,2.79,2.67,2.7,2.69,2.47,3.25
"Macedonia, FYR",4.75,4.72,4.8,4.76,4.77,4.77,4.81,4.82,4.74,4.53,4.26,3.53,2.08,1.98,2.04,2.19,2.39,2.51,2.54,2.42,2.21,1.9,1.48,1.32,1.2,1.12,1.06,0.982,0.901,0.799,0.69,0.62,0.673,0.66,0.727,-0.269,-0.0363,0.158,0.271,0.258,0.157,0.0359,-0.0614,-0.141,-0.187,-0.154,-0.12,-0.0955,-0.0627,-0.0185,0.0305,0.0846,0.138,0.194,0.251,0.303,0.361,0.415
Madagascar,5.45,5.45,5.47,5.5,5.52,5.52,5.49,5.12,5.15,5.16,5.19,5.7,5.73,5.73,5.73,5.71,5.38,5.38,5.38,5.37,5.37,5.36,5.35,5.33,5.3,5.26,5.23,5.2,5.2,5.19,5.23,5.24,5.26,5.28,4.16,4.09,4.13,4.16,4.16,4.15,4.11,4.08,4.04,4,3.97,5.07,5.02,4.97,4.92,4.86,4.81,4.75,4.7,4.65,4.62,4.58,4.56,4.52
Malawi,4.45,4.46,4.48,4.53,4.56,4.6,4.64,6.97,7.28,7.32,7.36,7.39,7.44,7.47,7.53,7.56,7.65,7.74,5.98,5.39,5.25,4.96,4.78,5.02,5.77,6.78,7.89,8.58,8.89,7.95,6.48,4.91,3.68,3.01,3.16,3.86,4.73,5.36,5.75,4.08,3.56,3.37,3.28,3.25,3.31,3.43,3.54,3.62,3.66,3.73,3.77,3.81,3.85,3.91,3.96,4.03,4.08,4.14
Malaysia,5.48,5.54,5.58,5.53,5.4,5.21,5.01,4.84,4.71,4.62,4.58,4.78,4.74,4.71,4.71,4.73,4.77,4.79,4.78,4.72,4.61,4.2,4.13,4.13,4.22,4.35,4.5,4.6,4.63,4.55,4.41,4.24,4.99,4.97,4.9,4.85,4.82,4.75,4.65,4.5,4.32,3.7,3.56,3.44,3.35,3.27,3.2,3.12,3.06,3.03,3.01,2.82,2.78,2.72,2.62,2.49,2.34,2.2
Maldives,3.1,3.21,3.28,3.25,3.17,2.99,1.76,1.71,3.8,3.99,4.38,10.8,11,11,10.8,10.5,10.2,9.92,7.82,5.93,6.14,6.34,6.49,6.55,6.5,5.72,3.79,3.69,3.58,3.45,3.14,2.64,2.52,2.37,2.19,2.45,3.48,3.31,3.26,3.35,4.21,6.42,6.53,6.59,6.57,6.48,5.69,3.78,3.8,3.85,3.92,4,4.04,3.97,3.8,3.56,3.31,3.07
Mali,3.75,3.74,3.72,3.72,3.74,3.76,3.79,3.8,3.87,3.94,4.02,4.12,4.21,4.26,4.28,4.26,4.23,4.3,4.4,4.45,4.52,4.61,4.68,4.66,4.52,4.31,4.08,3.79,3.24,3.4,3.69,4.01,4.28,4.43,4.48,4.43,4.36,4.33,4.53,5.25,5.35,5.43,5.5,5.55,5.61,5.63,5.67,5.68,5.65,5.55,5.4,5.24,5.1,5,4.96,4.94,4.93,4.91
Malta,3.94,-0.466,-0.483,-0.484,-0.473,-0.834,-1.2,-1.23,-1.2,-1.17,-0.534,0.0265,-0.0737,-0.0726,-0.0575,0.743,0.519,0.4,1.05,1.02,1.06,0.745,2.15,1.42,0.031,1.77,1.76,0.823,0.953,1.1,1.11,2.82,1.16,1.12,1.06,0.819,0.915,1.1,0.978,0.911,0.952,1.05,1.03,0.932,0.936,0.892,0.513,0.427,0.727,0.831,0.567,0.497,0.974,1.48,2.07,2.46,2.36,2.23
Marshall Islands,5.74,6.42,6.96,7.21,7.18,6.83,6.55,6.3,8.68,8.74,8.91,9.16,9.21,9.01,4.36,3.41,2.98,2.63,2.56,2.71,3.05,5.12,5.74,5.88,5.95,5.98,5.99,5.94,5.61,4.66,3.71,2.98,2.36,1.86,1.55,1.36,1.25,1.05,0.932,0.799,0.927,0.802,0.696,0.653,0.641,0.669,0.74,0.796,0.829,0.853,0.849,0.86,0.85,0.845,0.783,0.745,0.685,0.646
Mauritania,10.7,10.6,10.6,10.6,10.5,10.5,10.4,10.4,10.3,10.2,10.1,10,9.93,9.81,9.71,9.59,9.48,8.86,8.29,8.2,8.11,8.01,7.91,7.79,7.66,7.5,7.37,7.23,5.99,2.41,2.39,2.36,2.34,2.37,2.45,2.54,2.65,2.74,2.77,2.75,2.7,4.33,5.13,5.06,5.01,4.96,4.92,4.87,4.85,4.84,4.86,4.88,4.87,4.84,4.74,4.62,4.49,4.38
Mauritius,4.91,5.22,4.84,4.59,4.37,4.16,3.99,3.83,3.7,3.58,3.48,3.38,3.29,0.989,1.02,1.07,1.11,1.12,0.799,1.23,1.17,0.968,0.706,0.403,1.79,1.56,1.5,1.48,1.42,1.49,1.43,0.799,1.03,0.903,1.12,0.576,0.738,0.967,0.768,0.984,0.695,0.53,0.431,0.46,0.362,0.329,0.2,0.191,0.0937,-0.00038,-0.0289,-0.107,0.00674,-0.0461,-0.0885,-0.138,-0.151,-0.0786
Mexico,4.78,4.78,4.75,4.71,4.66,4.62,4.56,4.51,4.49,4.49,4.49,4.47,4.47,4.42,4.31,4.16,4,3.85,3.71,3.59,3.46,3.12,3.03,2.94,2.87,2.81,2.75,2.69,2.66,2.65,2.61,2.54,2.54,2.51,2.44,2.34,2.14,2,1.92,1.83,1.78,1.75,1.67,1.64,1.69,1.78,1.89,1.97,2.01,1.99,1.94,1.88,1.82,1.78,1.74,1.7,1.67,1.63
"Micronesia, Fed. Sts.",4.3,4.21,4.15,4.16,4.31,4.47,4.74,4.89,4.69,4.03,3.12,2.14,1.35,1.02,0.874,1.52,2.4,3.09,3.6,3.81,3.81,3.26,3.13,3.05,2.87,2.64,2.35,2.08,1.94,1.97,2.1,2.27,2.35,2.2,1.76,-0.518,-1.67,-2.27,-2.68,-2.85,-2.21,-0.25,-0.171,-0.155,-0.222,-0.358,-0.512,-0.608,-0.599,-0.525,-0.363,-0.108,0.117,0.333,0.495,0.655,0.794,0.939
Moldova,5.88,5.69,5.53,5.38,5.15,5,4.83,4.66,4.5,4.43,4.17,3.93,3.85,3.8,3.69,3.49,3.36,3.16,3.09,2.89,2.75,2.8,2.83,2.83,2.8,2.7,2.62,2.56,2.42,1.36,0.206,0.0171,-0.148,-0.337,-0.473,-0.632,-0.403,-1.25,-0.924,-1.05,-1.1,-1.12,-1.14,-1.2,-1.17,-0.745,-0.35,-0.304,-0.263,-0.199,-0.173,-0.131,-0.0859,-0.0997,-0.134,-0.0785,-0.0112,0.0461
Monaco,2.15,1.57,1.01,0.558,0.293,0.198,0.0987,-0.0558,0.0515,0.18,0.589,1,1.39,1.6,1.61,1.45,1.29,1.11,1.07,1.17,1.32,1.55,1.68,1.69,1.47,1.13,0.712,0.45,0.216,0.263,0.432,0.626,0.804,0.917,0.954,0.864,0.895,0.913,0.867,0.875,0.883,0.863,0.828,0.927,1.15,1.43,1.8,2.02,2.09,1.88,1.52,1.08,0.76,0.496,0.423,0.458,0.5,0.508
Mongolia,8.19,8.22,8.22,6.31,4.32,4.25,4.18,4.12,4.08,4.27,4.51,4.53,4.53,4.49,4.42,4.32,4.23,4.13,4.07,3.9,3.75,3.69,3.64,3.63,3.69,3.75,3.86,3.89,3.77,2.91,1.92,1.45,1.07,0.793,0.682,0.685,0.724,0.741,0.769,0.788,1.79,2.82,2.82,2.84,2.86,2.88,2.89,2.91,2.96,3.03,3.12,2.37,1.99,2.03,1.99,1.89,1.78,1.68
Montenegro,5.71,5.9,6,5.8,5.25,4.46,3.57,2.83,2.46,2.63,3.22,3.95,4.54,4.87,4.85,4.58,4.24,3.99,3.84,3.85,3.95,4.08,4.14,4.06,3.81,3.43,3.02,2.66,2.41,2.34,2.39,2.44,2.35,2.34,2.23,2.04,1.83,1.65,1.55,1.53,1.59,2.12,2.08,2.04,1.08,0.69,0.664,0.672,0.708,0.738,0.702,0.621,0.598,0.61,0.608,0.567,0.531,0.534
Morocco,4.25,4.71,4.63,4.52,4.4,4.26,4.13,4.01,3.91,3.82,3.75,3.69,3.98,3.97,3.99,4.03,4.08,4.1,4.13,4.14,4.14,4.13,4.12,4.06,3.98,3.85,3.73,3.61,3.51,3.43,3.37,3.31,3.25,3.16,3.05,2.29,2.05,1.95,1.87,1.82,1.78,1.76,1.74,1.72,1.72,2.09,2.17,2.17,2.19,2.23,2.28,2.34,2.39,2.4,2.37,2.32,2.25,2.19
Mozambique,4.27,4.67,4.8,4.8,4.83,4.84,4.85,4.87,4.89,4.91,4.95,5.67,6.26,6.29,6.4,6.5,6.61,6.66,6.63,6.49,6.29,8.94,9.02,8.66,8.14,7.52,6.8,6.21,6.08,6.54,7.43,4.5,5.38,5.84,5.78,5.38,4.92,4.6,3.3,3.2,3.32,3.46,3.53,3.58,3.59,3.57,3.55,3.53,4.45,4.52,4.51,4.5,4.48,4.46,4.44,4.42,4.4,4.37
Myanmar,3.91,3.88,3.87,3.88,3.92,3.98,4.05,4.1,4.13,4.13,4.11,4.08,4.07,3.63,2.41,2.4,2.39,2.36,2.35,2.34,2.34,2.32,2.3,2.41,2.84,2.74,2.65,2.57,2.46,2.34,2.21,2.07,1.94,1.87,1.87,1.91,1.96,1.99,2,1.95,1.89,1.82,1.76,1.69,1.61,1.51,1.41,1.33,1.29,1.3,1.37,1.44,1.51,1.55,1.57,1.62,1.66,1.71
Namibia,5.2,4.76,4.69,4.72,4.75,4.76,4.76,4.76,4.8,4.89,4.85,4.19,4.29,4.26,4.11,3.87,3.64,3.48,3.36,3.3,3.3,3.26,3.12,3.28,3.71,4.25,4.83,5.25,5.41,5.25,4.9,4.49,4.7,4.71,4.65,4.66,4.72,4.69,4.54,4.22,3.82,3.4,4.07,3.99,3.86,3.81,3.79,3.76,3.82,3.95,4.15,4.36,4.6,4.7,4.69,4.59,4.45,4.31
Nauru,4.64,5.34,5.65,5.5,5.07,4.27,3.31,2.83,2.17,2.13,1.94,1.85,1.89,1.76,1.58,1.37,1.15,1.14,1.06,1.2,1.22,1.38,1.63,1.76,1.9,2.08,2.18,2.38,2.32,2.25,2.22,2.09,2.1,1.8,1.41,1.13,0.6,0.279,-0.109,-0.0597,-0.0299,0.149,0.278,0.258,0.198,-0.119,-0.426,-0.687,-0.551,-0.0201,0.801,0.319,2.18,5.14,9.11,5.11,4.5,4.5
Nepal,4.19,4.15,2.72,2.73,2.8,2.84,2.93,2.98,3.05,3.08,3.13,3.26,6.77,6.78,6.82,6.83,6.86,6.87,6.86,6.89,6.9,6.87,6.02,6.01,5.98,5.93,5.87,5.84,5.86,5.93,6.06,6.23,7,6.99,6.9,6.73,6.54,6.37,6.22,6.09,5.96,5.78,3.74,3.62,3.49,3.35,3.21,3.09,3.02,3.02,3.06,3.13,3.2,3.23,3.24,3.21,3.19,3.16
Netherlands,2.54,1.76,1.73,1.65,1.64,1.67,1.61,1.43,1.34,1.45,1.53,1.59,1.53,1.34,1.29,1.39,1.28,1.09,1.1,1.18,1.27,1.24,1.08,0.996,1.01,1.07,1.15,1.22,1.23,1.17,1.26,1.72,2.04,1.94,1.81,1.66,1.6,1.61,1.68,1.7,1.72,2.09,2.27,2.01,1.8,1.59,1.37,1.29,1.4,1.55,1.49,1.32,1.17,0.969,0.922,0.98,1.04,1.09
New Zealand,2.41,2.69,3.33,2.76,2.85,2.38,2.46,2.33,1.41,1.41,1.87,1.97,2.17,2.35,2.47,2.33,1.19,0.432,0.153,-0.273,0.245,0.484,1.04,1.41,0.914,0.666,0.103,1.15,0.563,0.762,1.2,5.09,1.22,1.32,1.51,1.64,1.75,1.41,0.98,0.619,0.681,0.681,1.81,2.04,1.56,1.2,1.29,0.863,0.779,0.93,1.04,0.693,0.619,0.838,1.58,1.96,2.17,2.2
Nicaragua,4.31,4.22,4.14,4.26,5.02,4.99,4.98,4.96,4.94,4.92,4.91,4.65,3.65,3.66,3.66,3.65,3.65,3.63,3.58,3.52,3.45,3.37,3.29,3.2,3.1,2.99,2.88,2.77,2.71,2.69,2.7,2.72,2.73,2.69,2.62,2.47,2.18,2.08,1.99,1.9,1.82,1.73,1.65,1.6,1.57,1.58,1.66,1.66,1.65,1.63,1.59,1.56,1.53,1.5,1.48,1.46,1.45,1.45
Niger,4.53,4.6,4.63,7.13,7.13,7.08,7.05,8.24,8.2,8.15,8.12,8.07,8.03,7.99,7.98,7.98,7.99,7.97,5.83,4.48,4.46,4.45,4.45,4.45,4.44,4.42,4.41,4.42,4.34,3.51,3.61,3.72,3.8,3.89,3.96,4.02,4.07,4.12,4.15,4.16,4.15,4.08,3.59,3.6,3.62,3.64,3.68,3.7,3.72,3.75,3.77,3.79,3.81,3.82,3.91,4.01,4.09,4.18
Nigeria,6.82,3.47,3.5,3.54,3.56,3.56,3.57,3.59,3.61,3.64,3.69,4.5,4.53,4.59,4.71,4.85,5.01,5.12,5.14,5.07,4.94,5.86,5.72,5.62,5.59,5.58,5.6,5.59,5.56,5.51,5.44,4.2,4.17,4.14,4.11,4.1,4.09,4.07,4.06,4.06,4.05,4.86,4.85,4.83,4.82,4.82,4.81,4.8,4.79,4.76,4.74,4.69,4.64,4.58,4.52,4.45,4.37,4.3
North Korea,4.91,4.47,4.09,3.92,4.04,4.35,4.68,4.88,6.91,8.06,7.71,3.65,3.57,3.4,3.17,2.88,1.78,1.52,1.37,1.35,1.43,1.73,1.81,1.85,1.84,1.79,1.73,1.68,1.67,1.69,1.74,1.8,1.83,1.81,1.65,1.44,1.28,1.13,1.03,0.993,0.995,1.01,1.01,0.992,0.94,0.864,0.786,0.719,0.673,0.782,0.826,0.828,0.83,0.825,0.816,0.799,0.809,0.817
Norway,0.717,2.93,4,3.84,3.73,3.64,3.56,3.49,3.39,3.26,3.07,1.97,1.51,1.43,1.34,1.26,1.17,1.11,1.06,1.01,0.981,0.687,0.552,0.516,0.466,0.482,0.539,0.65,0.718,0.593,0.522,0.905,1.13,1.14,1.1,0.973,0.879,1.1,1.33,1.4,1.24,0.976,1,1.04,0.999,1.04,1.16,1.4,1.62,1.63,1.61,1.74,1.84,1.72,1.63,1.52,1.33,1.38
Oman,8.46,8.71,8.71,8.69,8.66,8.6,8.58,8.57,8.59,8.62,8.69,8.73,8.8,8.93,9.18,9.45,9.69,9.8,9.85,9.79,9.66,9.51,9.34,9,8.52,7.95,7.32,6.76,6.47,6.48,6.66,6.94,7.02,6.66,4.52,2.54,1.43,0.556,0.0654,0.107,0.55,1.15,1.68,2.13,2.91,3.48,3.6,3.81,4.3,5.13,6.07,7.59,8.58,8.57,8.09,7.35,6.62,5.95
Pakistan,4.56,4.15,3.54,3.59,3.64,3.67,3.7,3.73,3.75,3.77,3.78,3.78,3.8,4.01,4.12,4.2,4.27,4.33,4.39,4.45,4.51,4.42,4.19,4.2,4.18,4.13,4.08,4.02,3.94,3.84,3.73,3.61,3.5,3.41,3.36,3.32,3.3,3.26,3.15,2.96,2.88,2.8,2.73,2.68,2.66,2.65,2.64,2.63,2.63,2.64,2.66,2.69,2.7,2.69,2.66,2.62,2.57,2.53
Palau,3.49,3.14,3.01,2.73,2.56,2.25,2.02,1.7,1.61,1.6,1.78,1.99,2.15,2.09,1.71,1.14,0.518,-0.0398,-0.133,0.212,1.01,2.95,3.8,4.26,4.22,3.84,3.28,2.32,2.25,2.34,2.72,3.07,3.2,3.3,3.32,3.13,2.33,2.07,1.85,1.55,1.21,0.842,0.521,0.285,1.65,1.6,1.59,1.54,1.56,1.54,1.58,1.55,1.66,1.66,1.67,1.74,1.79,1.79
Palestine,,,,,,,,,,,,,,,,,,,,,,,,,,,,,,,,5.23,5.22,5.2,5.19,5.18,5.17,5.16,3.03,2.87,2.86,2.86,2.86,2.86,2.85,2.85,2.85,2.85,3.17,3.19,3.2,3.31,3.33,3.31,3.29,3.26,3.23,3.24
Panama,4.31,4.42,4.5,4.49,4.47,4.43,4.39,4.35,4.31,4.27,4.13,3.43,3.4,3.37,3.31,3.25,3.19,3.12,3.07,3.02,2.99,3.04,3,2.95,2.92,2.88,2.85,2.81,2.79,2.76,2.86,3.66,3.62,3.57,3.54,3.5,3.47,3.43,3.4,3.34,3.18,2.42,2.38,2.36,2.33,2.31,2.29,2.26,2.25,2.23,2.21,2.21,2.21,2.19,2.17,2.15,2.12,2.09
Papua New Guinea,9.79,9.75,9.78,9.79,9.86,9.87,9.94,15.3,15.2,15.1,15,14.8,4.54,4.4,4.44,4.47,4.52,4.53,4.57,4.57,4.57,4.29,4.2,4.18,4.13,4.07,4.01,3.96,3.92,3.9,3.88,1.32,1.24,1.25,1.26,1.28,1.3,1.32,1.33,1.31,1.29,2.38,2.39,2.36,2.33,2.32,2.3,2.27,2.24,2.2,2.15,2.1,2.06,2.13,2.2,2.28,2.36,2.43
Paraguay,2.89,2.9,2.91,3.04,3.1,3.1,3.11,3.11,3.09,3.04,2.96,2.89,2.84,3.75,3.79,3.83,3.87,3.9,3.95,4,4.07,4.12,4.16,4.59,4.57,4.53,4.47,4.42,4.35,4.27,4.18,4.09,4,3.74,3.64,3.57,3.51,3.43,3.36,3.27,3.17,3.08,3,2.45,2.27,2.17,2.06,1.97,1.91,1.88,1.88,1.89,1.89,1.83,1.79,1.77,1.74,1.72
Peru,4.05,4.08,5.19,5.16,5.1,5.03,4.96,4.89,4.82,4.73,4.65,4.57,4.43,3.7,3.69,3.68,3.68,3.66,3.63,3.57,3.49,3.4,3.06,3,2.96,2.93,2.9,2.86,2.82,2.76,2.7,2.65,2.59,2.51,2.47,2.37,2.26,2.16,2.07,2,1.94,1.88,1.83,1.8,1.77,1.75,1.74,1.72,1.55,1.5,1.52,1.55,1.58,1.58,1.56,1.53,1.49,1.46
Philippines,4.35,4.19,4.17,4.12,4.05,3.96,3.87,3.8,3.74,3.72,3.82,4.43,4.41,4.38,4.35,4.23,3.78,3.75,3.74,3.73,3.98,5.22,5.18,5.13,5.09,5.03,4.98,4.92,4.85,4.76,4.29,2.31,2.25,2.21,2.17,2.13,2.1,2.06,2.02,1.99,1.96,1.94,1.91,1.86,1.78,1.68,1.58,1.49,1.43,1.42,1.53,2.06,2.07,2.07,2.05,2.01,1.98,1.98
Poland,5.33,2.41,1.96,2.14,2.19,1.78,1.54,1.75,1.74,1.56,1.12,1.4,2.06,2.13,2.16,2.18,2.16,2.11,1.93,1.66,1.57,1.55,1.55,1.57,1.53,1.42,1.29,1.17,1.02,0.659,0.466,0.428,0.378,0.328,0.284,0.207,0.149,0.139,0.107,0.0647,-0.973,0.0453,-0.00423,-0.247,-0.24,-0.226,-0.244,-0.237,-0.171,-0.116,-0.469,-0.13,-0.208,-0.267,-0.283,-0.274,-0.209,-0.106
Portugal,1.21,1.91,1.79,1.46,1.11,0.637,0.282,0.397,0.601,0.12,0.124,0.584,0.846,1.02,2.38,4.78,3.82,2.03,2.04,2.03,2.03,1.88,1.8,1.64,1.55,1.43,1.24,1.11,1.02,0.966,0.882,0.919,1.28,1.45,1.59,1.65,1.66,1.71,1.75,1.8,1.92,1.88,1.67,1.48,1.33,1.26,1.24,1.24,1.18,1.11,1.05,0.839,0.564,0.4,0.393,0.5,0.581,0.572
Qatar,7.63,8.66,9.47,9.71,9.38,8.91,8.41,8.07,7.99,8.2,8.5,8.94,8.98,8.68,7.84,6.82,5.66,4.92,5.24,6.74,8.78,10.5,11.3,11.1,9.99,8.48,7.32,6.68,5.63,4.62,3.69,2.83,2.14,1.68,1.53,1.65,2.08,2.65,3.16,3.62,4.14,4.27,4.75,6.62,9.95,13.4,15.8,16.6,15.7,13.7,11.4,9.35,7.86,6.55,5.45,4.49,3.57,2.73
Romania,2.84,2.79,2.62,2.59,2.57,2.49,2.67,2.92,2.61,2.3,2.44,2.27,2.18,2.06,2.12,2.44,2.38,2.33,2.49,2.21,2.24,2.3,1.96,1.82,1.77,1.89,1.89,1.81,1.86,1.82,1.52,0.462,-0.354,-0.419,-0.427,-0.486,-0.573,-0.574,-0.492,-0.444,-0.42,-1.68,-1.97,-0.471,-0.323,-0.371,-0.346,-1.23,-1.42,-0.589,-0.35,-0.249,-0.419,-0.44,-0.443,-0.495,-0.549,-0.523
Russia,3.16,2.76,2.73,2.7,2.67,2.63,2.06,2.03,2,1.97,1.91,1.86,1.83,1.8,1.77,1.75,1.85,1.82,1.8,1.58,1.35,1.3,1.25,1.21,1.36,1.37,1.3,1.27,1.22,0.883,0.38,0.217,0.0383,-0.119,-0.131,0.0213,-0.152,-0.171,-0.171,-0.316,-0.426,-0.43,-0.467,-0.41,-0.341,-0.32,-0.266,-0.11,0.0172,0.0899,0.106,0.139,0.248,0.31,0.335,0.328,0.324,0.278
Rwanda,4.57,4.17,3.89,3.75,3.95,4.26,4.69,5,5.21,5.2,5.14,7.34,7.48,7.44,7.51,7.61,7.67,7.73,7.8,5.12,4.8,4.7,4.62,4.67,4.98,5.34,5.97,6.31,5.71,3.97,1.65,-1.2,8.46,8.92,10.1,13.4,17.6,15.6,14,13.3,11.5,9.59,8.27,2.43,1.6,1.97,2.39,2.61,2.75,2.77,2.69,2.62,2.59,2.55,2.62,2.69,2.75,2.82
Samoa,3.37,3.47,3.61,3.63,3.54,3.38,3.23,3.73,3.71,3.43,3.14,2.83,1.97,1.45,1.27,1.16,1.05,0.751,0.589,0.582,0.609,0.654,0.652,0.621,0.567,0.47,0.35,0.261,0.252,0.359,0.534,0.739,1.18,1.4,1.36,1.23,1.08,0.944,0.871,0.858,0.906,0.96,0,-0.505,-0.489,-0.481,-0.478,-0.451,-0.416,-0.391,-0.358,-0.324,-0.371,-0.402,-0.423,-0.474,-0.539,-0.561
San Marino,3.65,4.75,4.74,4.71,4.53,4.41,4.22,4.13,3.85,3.47,3.08,4.92,4.31,3.91,3.81,3.97,4.1,4.32,4.37,4.16,3.75,3.4,3.09,2.86,2.61,2.48,2.35,2.2,1.09,1.16,1.27,1.42,1.48,2.06,1.94,1.85,1.7,1.53,1.47,1.47,1.53,1.58,1.47,1.37,1.49,1.6,1.57,1.5,1.51,1.47,1.5,1.49,1.51,1.42,1.29,1.11,0.912,0.759
Sao Tome and Principe,2.94,4.92,6.51,6.2,6.56,7.29,8.21,8.86,9.19,8.99,8.52,4.61,3.19,3.05,3.22,3.52,3.87,4.09,4.12,3.93,3.57,3.2,4.62,4.62,4.53,4.57,4.61,4.62,4.64,4.64,4.65,4.68,4.29,4.22,4.12,3.97,3.81,3.67,3.63,3.68,3.79,3.92,4.42,4.53,4.5,4.42,4.33,4.26,4.18,4.12,4.05,3.97,3.91,3.8,3.69,3.6,3.5,3.41
Saudi Arabia,6.6,6.72,6.83,7.82,8.68,8.51,8.35,8.23,8.2,8.25,8.37,8.5,8.6,8.62,8.59,7.96,7.73,7.66,7.72,7.92,8.17,8.36,8.41,8.24,7.83,7.27,6.74,5.55,5.15,4.76,4.42,4.09,3.79,3.16,2.81,2.6,2.39,2.24,2.21,2.34,2.58,2.85,3.07,3.21,3.22,3.15,3.05,2.98,2.96,3.01,3.09,3.18,3.22,3.17,3.01,2.77,2.52,2.3
Senegal,5.5,5.49,5.49,5.48,5.49,5.49,5.49,5.48,5.49,5.49,5.51,5.4,5.42,5.35,5.21,5.02,4.56,3.44,3.39,3.46,3.61,3.76,3.88,3.97,4.02,4.02,4.01,4.01,3.95,3.42,3.41,3.41,3.4,3.33,3.22,3.08,2.93,2.81,2.74,2.74,2.79,2.86,2.91,3.32,3.63,3.64,3.66,3.68,3.71,3.76,3.82,3.88,3.92,3.92,3.89,3.85,3.8,3.76
Serbia,,,,,,,,,,,,,,,,,,,,,,,,,,,,,,,0.885,0.845,1.11,1.13,0.894,-0.99,0.334,0.149,0.0498,0.0633,0.106,0.25,0.328,0.204,0.185,0.112,0.0179,0.00586,-0.0179,0.00514,0.00067,-0.387,-0.23,-0.283,-0.264,-0.292,-0.319,-0.276
Seychelles,,6.51,6.31,6.14,6.05,5.99,5.92,5.82,5.73,5.61,5.51,5.22,5.98,5,5.21,5.6,5.23,5.2,0.821,0.827,0.881,1.19,0.555,-0.151,0.563,0.78,0.592,4.22,0.343,0.604,0.53,1.41,0.571,2.23,2.85,1.69,1.72,1.46,2.28,2.32,1.28,0.509,3.51,-0.648,0.146,1.01,2.66,1.12,2.87,1.06,3.48,-1.91,1.72,2.61,2.35,3.01,2.11,1.99
Sierra Leone,4.48,4.51,4.54,4.65,4.89,4.88,4.88,4.89,4.92,4.97,5.04,5.12,5.19,5.23,5.25,4.4,3.75,3.78,3.8,3.81,3.82,3.77,3.72,3.74,3.89,4.06,3.95,3.79,3.6,3,2.17,1.28,0.563,0.138,0.144,0.485,0.865,1.22,1.8,2.6,3.49,4.43,5.17,5.44,5.18,4.82,4.34,3.84,3.49,3.34,3.33,3.34,3.31,3.27,3.23,3.18,3.15,3.14
Singapore,6.36,3.34,2.77,2.53,2.56,2.43,2.49,2.21,1.72,1.5,1.55,1.83,1.85,1.87,1.66,1.46,1.35,1.39,1.21,1.26,1.27,4.81,4.39,1.3,1.89,0.137,-0.0945,1.5,2.54,2.94,3.89,2.85,3,2.53,3.14,3.04,4.06,3.36,3.4,0.799,1.73,2.7,0.913,-1.47,1.25,2.35,3.13,4.17,5.32,3.02,1.77,2.08,2.45,1.62,1.3,1.19,1.3,0.0886
Slovak Republic,1.94,4.44,3.32,3.22,3.22,3.14,3.04,2.94,2.84,2.8,2.44,2.72,3.34,3.4,3.42,3.39,3.35,3.3,3.22,3.15,2.93,2.02,1.66,1.61,1.56,1.54,1.47,1.4,1.37,1.31,1.26,0.588,-0.075,0.276,0.286,0.185,0.104,0.0783,0.0259,-0.00625,-0.244,-0.308,-0.304,-0.334,-0.289,-0.26,-0.268,-0.244,-0.186,-0.141,-0.408,-0.357,-0.0874,-0.151,-0.162,-0.111,-0.0252,0.065
Slovenia,4.21,3.74,3.4,3.6,3.67,3.74,3.92,3.8,3.49,3.11,3.17,3.36,3.62,3.59,3.25,3.64,4.1,3.77,3.6,3.53,3.4,2.12,0.528,0.953,0.837,0.813,1.57,1.53,0.594,0.379,0.411,0.315,-0.0953,-0.187,-0.0623,0.0729,-0.00923,-0.0831,-0.167,0.125,0.347,0.209,0.275,0.502,0.506,0.611,0.755,0.993,0.592,1.33,0.864,0.634,0.635,0.557,0.519,0.493,0.517,0.55
Solomon Islands,7.37,7.52,7.55,7.56,7.54,7.55,7.51,7.52,7.58,7.71,6.24,4.09,4.23,4.3,4.29,4.21,5.24,6.89,6.79,6.74,6.68,6.62,6.55,6.47,6.36,6.24,6.12,4.95,4.2,4.18,4.2,4.22,4.23,4.23,4.23,4.21,4.2,4.18,4.15,4.12,4.75,5.11,5.07,5.01,4.95,4.87,4.79,4.72,4.66,4.6,4.56,4.48,4.41,4.33,4.24,4.16,4.06,3.98
Somalia,5.07,5.06,5.08,5.08,4.96,4.81,5.01,5.23,5.16,4.73,4.18,3.24,2.62,3.34,5.85,8.59,11,12.8,12.5,10.4,7.55,4.75,2.63,1.31,1.06,1.59,2.34,2.91,3.26,3.02,2.52,1.96,1.6,1.57,2,2.73,3.54,4.19,4.57,4.6,4.4,4.16,4,5.04,5.01,5.03,5.07,-4.6,7.52,7.37,7.23,7.08,4.21,4.18,4.18,4.2,4.22,4.23
South Africa,3.55,2.99,2.89,2.91,2.92,2.93,2.93,2.93,2.94,2.96,2.97,2.9,2.92,2.91,2.87,2.8,2.73,2.67,2.63,2.63,2.69,2.9,2.92,2.89,2.81,2.94,3.3,3.19,3.13,3.16,3.23,3.3,3.29,3.27,3.15,2.98,2.79,2.63,2.49,2.39,2.32,2.26,2.29,2.26,2.18,2.1,2.01,1.95,1.93,1.97,2.05,2.15,2.23,2.26,2.24,2.17,2.09,2.02
South Korea,5.41,5.89,6.07,5.95,5.74,5.62,5.55,7.09,7.54,7.32,7.09,5.73,5.21,5.01,4.87,4.76,5.05,5.03,4.88,4.75,4.67,4.49,4.34,4.16,3.81,3.44,3.74,3.77,3.61,3.46,3.31,2.51,2.16,2.1,2.05,2.02,1.49,1.25,1.03,1.01,1.13,1.17,1.03,0.957,0.829,0.635,0.75,0.631,0.884,0.639,0.622,0.753,0.438,0.367,0.54,0.438,0.363,0.357
South Sudan,1.68,1.75,1.8,1.86,1.9,1.95,2.01,2.05,2.1,2.14,2.17,2.22,2.25,2.3,2.33,2.39,2.39,2.38,2.46,2.61,2.79,2.98,3.07,5.57,9,8.53,8.17,7.82,7.31,6.55,5.73,4.74,3.92,2.71,-0.3,1.29,3.16,4.69,5.58,5.67,5.28,4.78,4.47,4.36,4.52,4.81,5.11,5.25,5.26,5.13,4.91,4.68,4.49,4.35,4.25,4.21,4.16,4.1
Spain,1.95,2.22,2.66,2.57,2.65,2.7,2.6,2.77,2.81,2.44,2.53,2.42,2.14,2.11,2.08,2.05,2,1.95,1.87,1.77,1.67,1.38,0.922,0.805,0.731,0.674,0.61,0.566,0.516,0.458,0.401,0.489,0.598,0.627,0.584,0.55,0.525,0.526,0.52,0.512,0.553,0.8,1.66,2.13,2.04,2,2,2.16,1.9,1.19,0.757,0.649,0.356,-0.0353,-0.00494,0.219,0.383,0.489
Sri Lanka,3.37,3.35,3.32,3.31,2.93,2.94,2.97,2.97,2.94,2.86,2.75,2.64,2.53,2.46,2.43,2.42,2.41,2.4,2.36,2.3,2.21,1.94,1.4,1.35,1.34,1.34,1.34,1.34,1.31,1.26,1.19,1.12,1.05,0.973,0.856,0.737,0.596,0.485,0.422,0.447,0.516,0.614,0.683,0.733,0.733,0.694,0.661,0.625,0.597,0.564,0.524,0.494,0.458,0.791,1.01,1.14,1.42,1.53
St. Kitts and Nevis,1.24,2.24,1.77,1.33,0.993,0.714,0.381,0.0721,0.0131,0.183,0.261,-0.36,0.137,0.489,0.545,0.388,0.219,0.0386,-0.0386,-0.0644,-0.18,-0.901,-0.863,-0.87,-0.951,-1.02,-1.12,-1.2,-1.1,-0.842,-0.41,0.0495,0.29,0.612,0.692,0.659,0.552,0.528,0.505,0.57,0.654,0.797,0.963,0.98,0.951,0.884,0.781,0.711,0.65,0.652,0.647,0.637,0.731,0.774,0.811,0.828,0.857,0.896
St. Lucia,2.05,2.22,2.37,2.5,2.59,2.64,2.7,2.74,2.72,2.61,2.43,2.23,2.06,2,2.04,2.18,2.35,2.48,2.55,2.54,2.48,2.37,2.32,2.32,2.41,2.56,2.73,2.86,2.89,2.79,2.61,2.17,0.565,0.46,0.469,0.536,0.627,0.688,0.679,0.587,0.432,-0.129,-3.44,-3.56,-3.6,-3.54,-3.48,-3.43,-3.48,-3.61,-3.14,0.723,0.575,0.532,0.544,0.624,0.686,0.754
St. Vincent and the Grenadines,3.4,3.19,3,2.85,2.76,2.73,2.7,2.67,2.65,2.65,2.67,2.7,2.72,2.72,2.7,2.67,2.63,2.58,2.53,2.49,2.42,2.36,2.29,2.23,2.19,2.15,2.12,2.08,2.01,1.9,1.77,1.58,1.02,0.921,0.87,0.824,0.786,0.752,0.738,0.772,0.824,0.88,0.947,0.99,0.994,0.973,0.955,0.931,0.913,0.884,0.861,0.826,0.792,0.793,0.837,0.89,0.97,1.03
Sudan,7.35,7.36,7.37,7.39,7.4,7.4,7.41,7.42,7.42,7.41,7.41,7.38,7.37,6.64,4.42,4.5,4.56,4.61,4.63,4.62,4.59,4.55,4.53,5.99,8.04,7.87,7.68,7.51,7.46,7.53,7.68,7.85,7.94,7.01,3.7,3.35,2.96,2.65,2.47,2.45,2.55,2.68,2.76,2.77,2.68,2.54,2.39,2.28,2.22,2.31,2.45,2.6,2.73,2.84,2.92,2.99,3.05,3.11
Suriname,2.98,2.87,2.77,2.72,2.59,2.2,2.28,2.28,2.03,1.46,0.696,-0.144,1.91,4.05,3.76,3.76,3.86,3.9,3.9,3.76,3.56,0.266,0.31,0.461,0.759,1.15,1.56,1.9,2.11,2.16,2.09,2,1.91,1.82,1.73,1.63,1.52,1.42,1.33,1.28,1.26,1.24,1.22,1.2,1.19,0.989,0.968,0.962,0.96,0.956,0.946,0.935,0.924,0.909,0.911,0.909,0.904,0.899
Swaziland,12.7,12.6,12.5,12.4,12.4,12.3,12.2,10.2,10.2,10.3,10.3,10.3,10.4,10.3,10.3,10.2,10.2,5.99,5.22,5.18,5.12,5,4.92,5,5.29,5.67,6.08,6.35,6.33,5.95,5.38,4.76,4.25,3.93,3.86,3.94,4.1,3.81,1.6,1.32,0.928,0.495,0.165,0.019,0.117,0.404,0.733,1.22,2.77,2.84,2.83,2.82,2.51,2.5,2.49,2.48,2.49,2.49
Sweden,1.54,1.58,1.87,1.84,1.98,2.12,2.06,1.81,1.56,1.66,1.86,1.34,0.691,0.559,0.671,0.655,0.451,0.441,0.377,0.305,0.288,0.136,0.0572,0.0453,0.0909,0.165,0.233,0.334,0.46,0.667,0.773,0.807,0.775,0.767,0.896,0.707,0.266,0.0906,0.0889,0.111,0.194,0.322,0.399,0.447,0.467,0.472,0.694,0.929,0.966,1.04,1.03,1.04,1.12,1.22,1.35,1.41,1.6,1.79
Switzerland,2.67,2.43,2.95,2.55,2.06,1.56,1.44,1.63,1.65,1.51,1.11,0.726,0.835,0.811,0.611,0.0291,-0.499,-0.266,0.0816,0.273,0.468,0.532,0.504,0.348,0.278,0.362,0.44,0.547,0.653,0.727,0.946,1.17,1.03,0.839,0.724,0.595,0.368,0.167,0.224,0.403,0.487,0.622,0.792,0.777,0.721,0.676,0.663,0.929,1.31,1.28,1.08,1.14,1.09,1.18,1.25,1.17,1.12,1.13
Syria,4.34,4.79,4.91,4.91,4.92,4.92,4.94,4.94,4.95,4.95,4.95,4.34,4.17,4.18,4.16,4.14,4.11,4.08,4.08,4.12,4.19,4.25,4.07,4.01,3.94,3.83,3.72,3.62,3.53,3.46,3.41,3.35,3.28,3.24,3.22,3.48,3.55,3.55,3.48,3.33,3.15,2.85,2.6,2.59,2.91,3.38,4.01,4.4,4.13,3.09,1.58,-2.59,-4.04,-4.97,-5.09,-1.18,-0.368,0.376
Tajikistan,4.42,4.57,4.69,4.75,4.73,4.64,4.56,4.48,4.4,4.31,3.38,2.3,2.22,2.17,2.12,2.09,2.06,2.04,2.05,2.14,2.26,2.29,2.3,2.35,2.43,2.51,2.61,2.66,2.56,1.76,0.774,0.379,0.0483,-0.192,-0.335,-0.383,-0.423,-0.457,-0.448,-0.389,0.671,1.78,1.9,1.99,2.05,2.09,2.12,2.15,2.18,2.21,2.24,2.26,2.36,2.43,2.48,2.52,2.56,2.6
Tanzania,5.7,5.71,5.75,5.76,5.77,5.77,5.76,5.77,9.57,10.3,10.3,10.3,10.3,10.2,10.2,10.1,10,9.9,9.82,6.58,6,5.98,5.99,5.96,5.94,5.88,5.83,5.78,5.78,4.96,4.89,5.01,5.07,5.04,4.9,4.69,4.47,4.29,4.2,4.2,4.26,4.33,4.4,5.28,5.48,5.52,5.58,5.61,5.64,5.62,5.59,5.55,5.51,5.47,5.43,5.38,5.33,5.28
Thailand,4.49,3.53,3.54,3.55,3.55,3.55,3.54,3.52,3.5,3.48,3.97,5.5,5.45,5.36,5.25,5.11,4.98,4.84,4.72,4.61,4.15,2.95,2.86,2.8,2.77,2.75,2.76,2.75,2.68,2.52,2.28,1.76,1.58,1.48,1.49,1.56,1.67,1.74,1.76,1.71,2.38,4.56,4.41,4.26,4.14,4.03,3.93,3.81,3.71,3.61,3.53,2.38,2.12,2.07,2.01,1.94,1.87,1.79
Timor-Leste,1.92,3.26,4.39,4.42,4.45,4.48,4.44,4.38,4.41,4.56,4.75,5.09,5.29,4.95,3.96,2.58,0.936,-0.477,-1.12,-0.551,1.01,2.98,4.63,5.67,5.83,5.43,4.89,4.55,4.43,4.65,5.05,5.05,5.11,4.95,4.24,3.21,2,1.04,0.697,1.25,2.43,3.83,4.9,5.38,5.1,4.22,3.4,2.81,2.49,2.54,2.84,3.2,3.44,3.59,3.6,3.51,3.42,3.36
Togo,9.43,9.08,8.89,9.02,9.62,10.4,11.3,11.9,12.1,11.7,9.6,4.76,4.3,3.94,3.77,3.73,3.69,3.64,3.73,3.99,4.36,4.73,5.07,5.26,5.2,5.02,4.84,4.7,4.53,4.33,4.15,3.93,3.76,3.71,3.82,4.03,4.27,4.45,4.52,4.46,4.32,4.16,4.05,3.97,3.95,3.97,3.99,4,4,3.98,3.96,4,4,3.97,3.92,3.87,3.83,3.79
Tonga,4.98,5.55,5.98,6.17,6.01,5.65,5.27,3.86,2.7,2.33,1.93,1.5,1.12,0.888,0.858,0.984,1.17,1.83,2.22,2.05,1.81,1.51,1.27,1.13,1.1,1.13,1.23,0.753,0.444,0.41,0.38,0.328,0.313,0.294,0.339,0.392,0.45,0.497,0.544,0.595,0.627,0.662,0.702,0.732,0.743,0.751,0.766,0.836,0.867,0.81,0.746,0.651,0.322,0.134,0.199,0.32,0.484,0.605
Trinidad and Tobago,4.76,4.43,4.11,3.81,3.56,3.33,3.11,2.91,2.83,2.87,3.03,3.21,3.38,3.47,3.48,3.42,3.34,3.28,3.25,3.26,3.1,1.93,1.98,1.95,1.83,1.66,1.46,1.29,1.15,1.06,1.02,0.993,0.951,0.893,0.808,0.707,0.601,0.513,0.477,0.504,0.493,0.0111,0.09,0.148,0.163,0.153,0.135,0.123,0.121,0.126,0.142,0.152,0.201,0.232,0.243,0.236,0.228,0.22
Tunisia,2.44,2.58,2.73,2.86,2.97,3.05,3.29,4.1,4.14,4.13,4.11,4.07,4.05,4.02,4.01,3.94,3.51,3.51,3.55,3.65,3.78,3.91,4,4.02,4.05,4.23,4.06,3.9,3.78,3.69,3.65,3.61,3.54,3.42,3.11,2.39,2.19,2.01,1.85,1.71,1.6,1.49,1.4,1.36,1.34,1.28,1.36,1.43,1.49,1.52,1.54,1.56,1.57,1.58,1.58,1.58,1.57,1.56
Turkey,4.34,4.15,4.06,4.03,4.01,3.99,4.46,4.66,4.63,4.6,4.58,4.23,4.07,4.04,4,3.95,3.49,3.26,3.23,3.23,3.23,5.44,6.2,6.04,5.85,5.62,4.79,4.36,4.22,4.08,3.97,2.99,2.54,2.49,2.47,2.45,2.44,2.42,2.4,2.36,2.32,2.41,2.44,2.38,2.32,2.24,2.15,2.08,2.07,2.11,2.2,2.3,2.37,2.39,2.38,2.33,2.28,2.22
Turkmenistan,3.67,3.69,3.69,3.66,3.59,3.51,3.4,3.32,3.25,3.21,3.01,2.77,2.75,2.71,2.68,2.63,2.6,2.57,2.52,2.3,2.03,1.97,1.92,1.9,1.91,1.95,1.97,1.98,2.02,2.25,2.51,2.63,2.69,2.62,2.38,2.36,2.37,2.06,1.83,1.68,1.6,1.54,1.49,1.47,1.5,1.59,1.7,1.82,1.94,2.09,2.23,2.38,2.51,2.59,2.61,2.59,2.55,2.51
Tuvalu,5.4,5.71,5.68,5.63,5.5,5.29,5.02,4.71,4.57,4.3,4.44,4.19,4.13,4.13,4.13,3.81,3.92,3.82,3.86,3.8,3.99,4.08,4.38,4.31,4.09,4.17,4.68,4.32,4.17,4.06,3.93,3.75,2.42,1.45,1.31,1.36,1.22,1.14,1.22,1.32,1.7,1.85,2.17,3.1,3.4,3.41,3.14,3.03,2.9,2.87,2.74,2.73,2.69,2.62,2.48,2.45,2.39,2.29
Uganda,7.51,7.6,7.71,7.8,7.82,7.78,7.82,7.78,7.72,7.56,4.59,3.95,3.83,3.74,3.77,3.85,3.95,4.03,4.08,4.1,5.39,6.89,6.91,6.93,7.03,7.14,7.26,7.33,7.37,7.33,7.24,6.75,6.23,6.15,6.09,6.03,5.96,5.9,5.9,5.95,6.03,6.1,6.17,6.21,6.22,6.18,6.17,6.14,6.12,6.09,6.07,6.04,6.01,5.96,5.92,5.87,5.82,5.76
Ukraine,2.87,2.85,2.82,2.76,2.67,2.73,2.59,2.46,2.36,2.3,2.17,2.04,2.02,1.98,1.92,1.81,1.74,1.66,1.61,1.52,1.43,1.48,1.29,1.31,1.31,1.22,1.24,1.26,1.3,0.967,0.288,0.267,0.346,0.114,-0.439,-0.732,-0.829,-0.853,-0.837,-0.885,-0.949,-0.949,-0.845,-0.598,-0.507,-0.448,-0.412,-0.335,-0.281,-0.185,-0.26,-0.224,-0.112,-0.0926,-0.345,-0.126,-0.197,-0.253
United Arab Emirates,8.16,9.92,11.8,12.1,10.9,9.24,7.52,6.9,7.97,10.7,14.4,16.9,17.7,17.7,17.1,16.2,15.6,14.8,13.3,11.3,9.31,7.23,5.67,4.93,4.81,5.08,5.45,5.66,5.74,5.69,5.58,5.55,5.57,5.44,5.16,4.84,5.09,5.46,5.55,5.69,5.96,5.8,5.81,6.98,9.33,11.8,14,14.7,13.6,11,8,5.14,2.98,1.56,1.08,1.27,1.59,1.73
United Kingdom,0.277,0.671,0.674,0.572,0.472,0.464,0.373,0.357,0.305,0.233,0.215,0.305,0.553,0.404,0.274,0.201,0.182,0.174,0.209,0.293,0.321,0.171,-0.0982,-0.0296,0.0958,0.163,0.168,0.149,0.158,0.196,0.235,0.273,0.347,0.316,0.333,0.341,0.331,0.333,0.368,0.409,0.434,0.512,0.798,0.834,0.934,1.05,1.09,1.13,1.13,1.1,1.12,1.11,1.02,0.993,1.07,1.11,1.03,0.958
United States,2.45,2.2,2.08,1.97,1.91,1.77,1.67,1.59,1.5,1.47,1.53,1.28,1.08,0.968,0.927,1,0.964,1.02,1.07,1.12,1.02,1.19,1.16,1.12,1.07,1.09,1.13,1.09,1.11,1.14,1.41,1.87,1.91,1.83,1.73,1.69,1.65,1.68,1.64,1.61,1.51,1.21,1.15,1.08,1.14,1.14,1.18,1.16,1.16,1.09,1.04,0.955,0.967,0.933,0.978,0.986,0.968,0.952
Uruguay,1.61,1.57,1.52,1.46,1.41,1.35,1.31,1.25,1.15,0.979,0.775,0.546,0.355,0.263,0.308,0.48,0.898,1.04,1.13,1.16,1.13,1.1,1.08,1.06,1.05,1.04,1.05,1.04,1.03,1.04,1.06,1.08,1.09,1.08,1.07,1.05,1.04,1.05,0.976,0.84,0.67,0.475,0.308,0.215,0.223,0.304,0.414,0.502,0.565,0.58,0.563,0.541,0.463,0.44,0.446,0.456,0.466,0.47
Uzbekistan,4.05,4.07,4.11,4.16,4.23,4.31,4.4,4.45,4.39,4.22,4.23,4.26,4.04,3.9,3.88,3.91,3.97,3.99,3.99,3.38,2.66,2.59,2.54,2.51,2.49,2.48,2.46,2.44,2.42,2.94,3.76,3.26,3.47,3.38,3.07,2.9,3,2.96,2.68,2.14,2.43,2.3,2.25,2.18,2.16,2.16,2.21,2.41,2.58,2.65,3.78,3.06,1.28,1.37,1.49,1.55,1.54,1.48
Vanuatu,4.74,4.82,4.86,4.83,4.75,4.65,4.51,4.41,4.4,4.44,4.59,4.71,4.8,4.86,4.84,4.78,4.77,4.7,4.62,4.9,5.23,5.06,4.91,4.82,4.78,4.78,4.78,4.77,4.82,4.8,4.13,4.29,4.42,4.39,4.2,3.9,3.57,3.31,3.21,3.27,3.38,3.54,3.71,3.83,3.84,3.79,3.74,3.7,3.67,3.63,3.08,2.74,2.7,2.66,2.63,2.6,2.57,2.54
Venezuela,6.02,5.82,5.48,5.41,5.29,5.13,4.99,4.84,4.7,4.54,4.39,4.24,3.99,3.83,3.77,3.74,3.72,3.69,3.65,3.61,3.55,3.49,3.36,3.28,3.25,3.22,3.2,3.16,3.11,3.04,2.95,2.79,2.68,2.61,2.54,2.49,2.43,2.37,2.32,2.28,2.23,2.19,1.86,1.82,1.79,1.75,1.71,1.68,1.64,1.6,1.56,1.52,1.47,1.42,1.39,1.36,1.33,1.31
Vietnam,5.32,5.23,5.2,5.17,5.12,5.09,5.05,5,4.93,4.82,4.71,2.98,2.88,2.81,2.76,2.73,2.71,2.69,2.68,2.71,2.61,2.6,2.64,2.66,2.66,2.64,2.61,2.57,2.54,2.89,3.98,3.94,3.88,3.79,3.66,3.49,3.32,3.17,3.03,3.08,3.43,3.34,3.28,3.21,3.18,3.15,3.13,3.11,3.11,3.14,3.21,3.24,3.27,3.26,3.23,3.18,3.11,3.04
Yemen,6.11,5.56,5.58,5.59,5.59,5.6,5.62,5.67,5.67,5.58,5.51,3.92,3.88,3.99,4.29,4.69,5.12,5.47,5.73,5.85,5.9,5.91,5.97,5.99,5.99,5.98,6.17,6.5,6.59,6.84,7.17,7.52,7.72,7.65,7.27,6.46,5.68,5.23,4.93,4.8,4.8,4.8,4.79,4.77,4.74,4.69,4.66,4.64,4.61,4.59,4.56,4.53,4.49,4.45,4.38,4.3,4.21,4.13
Zambia,7.41,7.43,7.45,7.75,9.27,9.13,9,8.87,8.78,8.72,6.57,6.28,6.32,6.31,6.29,6.22,6.15,6.07,6.01,5.97,5.95,3.52,3.29,3.24,3.15,3.04,2.93,2.83,2.73,2.65,2.57,1.55,1.32,1.3,1.34,1.42,1.51,1.59,1.61,1.58,1.51,3.32,4.04,4.01,4,4.01,4.01,4.02,4.05,4.09,4.15,4.2,4.26,4.3,4.3,4.28,4.26,4.24
Zimbabwe,4.88,4.92,5.29,7,6.98,6.91,6.86,6.81,6.79,6.67,6.08,6.14,6.18,6.16,6.08,5.64,5.51,5.4,5.41,5.56,5.78,5.98,6.13,6.58,6.58,6.43,6.28,6.13,5.92,5.66,5.37,5.07,4.8,3.5,3.19,3.07,2.99,2.89,2.79,2.66,2.52,2.38,2.29,0.754,0.592,0.726,0.873,1.01,1.16,1.3,1.43,1.56,1.68,1.76,1.88,1.98,2.06,2.14
